chr	start	end	name	itemRgb
OX030909.1	0	100000	gc1-0.4427190332326284	#fee18d
OX030909.1	100000	200000	gc2-0.47099	#fff0a6
OX030909.1	200000	300000	gc3-0.46971	#fff0a6
OX030909.1	300000	400000	gc4-0.47541	#fff2aa
OX030909.1	400000	500000	gc5-0.51386	#fafdb7
OX030909.1	500000	600000	gc6-0.49673	#fffdbc
OX030909.1	600000	700000	gc7-0.49792	#fffebe
OX030909.1	700000	800000	gc8-0.49851	#fffebe
OX030909.1	800000	900000	gc9-0.50409	#fefebd
OX030909.1	900000	1000000	gc10-0.49578	#fffdbc
OX030909.1	1000000	1100000	gc11-0.5185	#f8fcb4
OX030909.1	1100000	1200000	gc12-0.48355	#fff6b0
OX030909.1	1200000	1300000	gc13-0.50026	#ffffbe
OX030909.1	1300000	1400000	gc14-0.46151	#feeb9d
OX030909.1	1400000	1500000	gc15-0.48014	#fff5ae
OX030909.1	1500000	1600000	gc16-0.48933	#fffab6
OX030909.1	1600000	1700000	gc17-0.47431	#fff2aa
OX030909.1	1700000	1800000	gc18-0.49135	#fffbb8
OX030909.1	1800000	1900000	gc19-0.49987	#fffebe
OX030909.1	1900000	2000000	gc20-0.49526	#fffcba
OX030909.1	2000000	2100000	gc21-0.50121	#ffffbe
OX030909.1	2100000	2200000	gc22-0.47865	#fff3ac
OX030909.1	2200000	2300000	gc23-0.48325	#fff6b0
OX030909.1	2300000	2400000	gc24-0.48483	#fff7b2
OX030909.1	2400000	2500000	gc25-0.49679	#fffdbc
OX030909.1	2500000	2600000	gc26-0.47556	#fff2aa
OX030909.1	2600000	2700000	gc27-0.47562	#fff2aa
OX030909.1	2700000	2800000	gc28-0.48277	#fff6b0
OX030909.1	2800000	2900000	gc29-0.48637	#fff8b4
OX030909.1	2900000	3000000	gc30-0.48041	#fff5ae
OX030909.1	3000000	3100000	gc31-0.46702	#feeda1
OX030909.1	3100000	3200000	gc32-0.47572	#fff2aa
OX030909.1	3200000	3300000	gc33-0.49228	#fffbb8
OX030909.1	3300000	3400000	gc34-0.47249	#fff1a8
OX030909.1	3400000	3500000	gc35-0.48024	#fff5ae
OX030909.1	3500000	3600000	gc36-0.49031	#fffab6
OX030909.1	3600000	3700000	gc37-0.47773	#fff3ac
OX030909.1	3700000	3800000	gc38-0.47825	#fff3ac
OX030909.1	3800000	3900000	gc39-0.483	#fff6b0
OX030909.1	3900000	4000000	gc40-0.47245	#fff1a8
OX030909.1	4000000	4100000	gc41-0.4784	#fff3ac
OX030909.1	4100000	4200000	gc42-0.47216	#fff1a8
OX030909.1	4200000	4300000	gc43-0.49254	#fffbb8
OX030909.1	4300000	4400000	gc44-0.48995	#fffab6
OX030909.1	4400000	4500000	gc45-0.49354	#fffcba
OX030909.1	4500000	4600000	gc46-0.48693467336683416	#fff8b4
OX030909.1	4600000	4700000	gc47-0.50101	#ffffbe
OX030909.1	4700000	4800000	gc48-0.48131	#fff6b0
OX030909.1	4800000	4900000	gc49-0.47084	#fff0a6
OX030909.1	4900000	5000000	gc50-0.49424	#fffcba
OX030909.1	5000000	5100000	gc51-0.50339	#fefebd
OX030909.1	5100000	5200000	gc52-0.46929	#feefa3
OX030909.1	5200000	5300000	gc53-0.47453	#fff2aa
OX030909.1	5300000	5400000	gc54-0.4738	#fff1a8
OX030909.1	5400000	5500000	gc55-0.48755	#fff8b4
OX030909.1	5500000	5600000	gc56-0.50237	#fefebd
OX030909.1	5600000	5700000	gc57-0.48375	#fff7b2
OX030909.1	5700000	5800000	gc58-0.48186	#fff6b0
OX030909.1	5800000	5900000	gc59-0.50395	#fefebd
OX030909.1	5900000	6000000	gc60-0.50941	#fbfdb8
OX030909.1	6000000	6100000	gc61-0.48303	#fff6b0
OX030909.1	6100000	6200000	gc62-0.4833	#fff6b0
OX030909.1	6200000	6300000	gc63-0.469748743718593	#fff0a6
OX030909.1	6300000	6400000	gc64-0.4652	#feeda1
OX030909.1	6400000	6500000	gc65-0.47801	#fff3ac
OX030909.1	6500000	6600000	gc66-0.48297	#fff6b0
OX030909.1	6600000	6700000	gc67-0.46209	#feeb9d
OX030909.1	6700000	6800000	gc68-0.43842	#fede89
OX030909.1	6800000	6900000	gc69-0.49834	#fffebe
OX030909.1	6900000	7000000	gc70-0.47946	#fff5ae
OX030909.1	7000000	7100000	gc71-0.45847	#feea9b
OX030909.1	7100000	7200000	gc72-0.48638	#fff8b4
OX030909.1	7200000	7300000	gc73-0.48968	#fffab6
OX030909.1	7300000	7400000	gc74-0.47694	#fff3ac
OX030909.1	7400000	7500000	gc75-0.46152	#feeb9d
OX030909.1	7500000	7600000	gc76-0.46329	#feec9f
OX030909.1	7600000	7700000	gc77-0.46093	#feeb9d
OX030909.1	7700000	7800000	gc78-0.45398	#fee797
OX030909.1	7800000	7900000	gc79-0.4877	#fff8b4
OX030909.1	7900000	8000000	gc80-0.49365	#fffcba
OX030909.1	8000000	8100000	gc81-0.46919	#feefa3
OX030909.1	8100000	8200000	gc82-0.47733	#fff3ac
OX030909.1	8200000	8300000	gc83-0.4952	#fffcba
OX030909.1	8300000	8400000	gc84-0.46173	#feeb9d
OX030909.1	8400000	8500000	gc85-0.46744	#feefa3
OX030909.1	8500000	8600000	gc86-0.46385	#feec9f
OX030909.1	8600000	8700000	gc87-0.45528	#fee797
OX030909.1	8700000	8800000	gc88-0.48023	#fff5ae
OX030909.1	8800000	8900000	gc89-0.48838	#fffab6
OX030909.1	8900000	9000000	gc90-0.47035	#fff0a6
OX030909.1	9000000	9100000	gc91-0.46155	#feeb9d
OX030909.1	9100000	9200000	gc92-0.46732	#feefa3
OX030909.1	9200000	9300000	gc93-0.47332	#fff1a8
OX030909.1	9300000	9400000	gc94-0.45075	#fee593
OX030909.1	9400000	9500000	gc95-0.47055	#fff0a6
OX030909.1	9500000	9600000	gc96-0.47931	#fff5ae
OX030909.1	9600000	9700000	gc97-0.48884	#fffab6
OX030909.1	9700000	9800000	gc98-0.49128	#fffbb8
OX030909.1	9800000	9900000	gc99-0.48866	#fffab6
OX030909.1	9900000	10000000	gc100-0.49652	#fffdbc
OX030909.1	10000000	10100000	gc101-0.48048	#fff5ae
OX030909.1	10100000	10200000	gc102-0.47939	#fff5ae
OX030909.1	10200000	10300000	gc103-0.48999	#fffab6
OX030909.1	10300000	10400000	gc104-0.46983	#fff0a6
OX030909.1	10400000	10500000	gc105-0.47969	#fff5ae
OX030909.1	10500000	10600000	gc106-0.45316	#fee797
OX030909.1	10600000	10700000	gc107-0.45038	#fee593
OX030909.1	10700000	10800000	gc108-0.46403	#feec9f
OX030909.1	10800000	10900000	gc109-0.43932	#fee08b
OX030909.1	10900000	11000000	gc110-0.4428	#fee18d
OX030909.1	11000000	11100000	gc111-0.44532	#fee28f
OX030909.1	11100000	11200000	gc112-0.46709	#feeda1
OX030909.1	11200000	11300000	gc113-0.47425	#fff2aa
OX030909.1	11300000	11400000	gc114-0.42364	#fed27f
OX030909.1	11400000	11500000	gc115-0.46744	#feefa3
OX030909.1	11500000	11600000	gc116-0.45394	#fee797
OX030909.1	11600000	11700000	gc117-0.46243	#feeb9d
OX030909.1	11700000	11800000	gc118-0.4011	#fdbf6f
OX030909.1	11800000	11900000	gc119-0.42122	#fed07e
OX030909.1	11900000	12000000	gc120-0.45451	#fee797
OX030909.1	12000000	12100000	gc121-0.48063	#fff5ae
OX030909.1	12100000	12200000	gc122-0.46912	#feefa3
OX030909.1	12200000	12300000	gc123-0.46158	#feeb9d
OX030909.1	12300000	12400000	gc124-0.44241	#fee18d
OX030909.1	12400000	12500000	gc125-0.43572	#fedc88
OX030909.1	12500000	12600000	gc126-0.46687	#feeda1
OX030909.1	12600000	12700000	gc127-0.45407	#fee797
OX030909.1	12700000	12800000	gc128-0.42138693467336685	#fed07e
OX030909.1	12800000	12900000	gc129-0.45328	#fee797
OX030909.1	12900000	13000000	gc130-0.41817	#fece7c
OX030909.1	13000000	13100000	gc131-0.45371	#fee797
OX030909.1	13100000	13200000	gc132-0.45423	#fee797
OX030909.1	13200000	13300000	gc133-0.45684	#fee999
OX030909.1	13300000	13400000	gc134-0.4491	#fee593
OX030909.1	13400000	13500000	gc135-0.43133	#fed884
OX030909.1	13500000	13600000	gc136-0.44834	#fee491
OX030909.1	13600000	13700000	gc137-0.46394	#feec9f
OX030909.1	13700000	13800000	gc138-0.45999	#feea9b
OX030909.1	13800000	13900000	gc139-0.47254	#fff1a8
OX030909.1	13900000	14000000	gc140-0.46422	#feec9f
OX030909.1	14000000	14100000	gc141-0.46708	#feeda1
OX030909.1	14100000	14200000	gc142-0.4446532663316583	#fee28f
OX030909.1	14200000	14300000	gc143-0.44213	#fee18d
OX030909.1	14300000	14400000	gc144-0.44881	#fee593
OX030909.1	14400000	14500000	gc145-0.48297	#fff6b0
OX030909.1	14500000	14600000	gc146-0.44947	#fee593
OX030909.1	14600000	14700000	gc147-0.47106	#fff0a6
OX030909.1	14700000	14800000	gc148-0.43463	#fedc88
OX030909.1	14800000	14900000	gc149-0.43638	#fedc88
OX030909.1	14900000	15000000	gc150-0.45911	#feea9b
OX030909.1	15000000	15100000	gc151-0.42388	#fed27f
OX030909.1	15100000	15200000	gc152-0.40161	#fdc171
OX030909.1	15200000	15300000	gc153-0.38289	#fdb163
OX030909.1	15300000	15400000	gc154-0.38599	#fdb365
OX030909.1	15400000	15500000	gc155-0.42627	#fed481
OX030909.1	15500000	15600000	gc156-0.44572	#fee28f
OX030909.1	15600000	15700000	gc157-0.44508	#fee28f
OX030909.1	15700000	15800000	gc158-0.43605	#fedc88
OX030909.1	15800000	15900000	gc159-0.46167	#feeb9d
OX030909.1	15900000	16000000	gc160-0.46281	#feec9f
OX030909.1	16000000	16100000	gc161-0.46041	#feeb9d
OX030909.1	16100000	16200000	gc162-0.43065	#fed884
OX030909.1	16200000	16300000	gc163-0.43162	#fed884
OX030909.1	16300000	16400000	gc164-0.45401	#fee797
OX030909.1	16400000	16500000	gc165-0.45229	#fee695
OX030909.1	16500000	16600000	gc166-0.45571	#fee999
OX030909.1	16600000	16700000	gc167-0.44262	#fee18d
OX030909.1	16700000	16800000	gc168-0.449	#fee593
OX030909.1	16800000	16900000	gc169-0.4531	#fee695
OX030909.1	16900000	17000000	gc170-0.45701	#fee999
OX030909.1	17000000	17100000	gc171-0.45683	#fee999
OX030909.1	17100000	17200000	gc172-0.44313	#fee18d
OX030909.1	17200000	17300000	gc173-0.47597	#fff2aa
OX030909.1	17300000	17400000	gc174-0.43578	#fedc88
OX030909.1	17400000	17500000	gc175-0.41982	#fece7c
OX030909.1	17500000	17600000	gc176-0.42616	#fed481
OX030909.1	17600000	17700000	gc177-0.42511	#fed481
OX030909.1	17700000	17800000	gc178-0.43913	#fee08b
OX030909.1	17800000	17900000	gc179-0.46307	#feec9f
OX030909.1	17900000	18000000	gc180-0.44332	#fee18d
OX030909.1	18000000	18100000	gc181-0.42496	#fed27f
OX030909.1	18100000	18200000	gc182-0.4373	#fede89
OX030909.1	18200000	18300000	gc183-0.4277	#fed683
OX030909.1	18300000	18400000	gc184-0.42229	#fed07e
OX030909.1	18400000	18500000	gc185-0.43136	#fed884
OX030909.1	18500000	18600000	gc186-0.44095	#fee08b
OX030909.1	18600000	18700000	gc187-0.45765	#fee999
OX030909.1	18700000	18800000	gc188-0.4399497487437186	#fee08b
OX030909.1	18800000	18900000	gc189-0.4445	#fee28f
OX030909.1	18900000	19000000	gc190-0.45244	#fee695
OX030909.1	19000000	19100000	gc191-0.41743	#fecc7b
OX030909.1	19100000	19200000	gc192-0.468	#feefa3
OX030909.1	19200000	19300000	gc193-0.49209	#fffbb8
OX030909.1	19300000	19400000	gc194-0.43756	#fede89
OX030909.1	19400000	19500000	gc195-0.46047	#feeb9d
OX030909.1	19500000	19600000	gc196-0.46393	#feec9f
OX030909.1	19600000	19700000	gc197-0.44864	#fee593
OX030909.1	19700000	19800000	gc198-0.45458	#fee797
OX030909.1	19800000	19900000	gc199-0.4707	#fff0a6
OX030909.1	19900000	20000000	gc200-0.43815	#fede89
OX030909.1	20000000	20100000	gc201-0.44168	#fee18d
OX030909.1	20100000	20200000	gc202-0.41373	#feca79
OX030909.1	20200000	20300000	gc203-0.44182	#fee18d
OX030909.1	20300000	20400000	gc204-0.4046	#fdc372
OX030909.1	20400000	20500000	gc205-0.39831	#fdbd6d
OX030909.1	20500000	20600000	gc206-0.42116	#fed07e
OX030909.1	20600000	20700000	gc207-0.41469	#feca79
OX030909.1	20700000	20800000	gc208-0.42905	#fed683
OX030909.1	20800000	20900000	gc209-0.38838	#fdb567
OX030909.1	20900000	21000000	gc210-0.4292	#fed683
OX030909.1	21000000	21100000	gc211-0.40722	#fdc574
OX030909.1	21100000	21200000	gc212-0.43582	#fedc88
OX030909.1	21200000	21300000	gc213-0.43223	#feda86
OX030909.1	21300000	21400000	gc214-0.42923	#fed683
OX030909.1	21400000	21500000	gc215-0.41633	#fecc7b
OX030909.1	21500000	21600000	gc216-0.41899	#fece7c
OX030909.1	21600000	21700000	gc217-0.44011	#fee08b
OX030909.1	21700000	21800000	gc218-0.40316	#fdc171
OX030909.1	21800000	21900000	gc219-0.4121	#fec877
OX030909.1	21900000	22000000	gc220-0.42083	#fed07e
OX030909.1	22000000	22100000	gc221-0.42027	#fece7c
OX030909.1	22100000	22200000	gc222-0.4165	#fecc7b
OX030909.1	22200000	22300000	gc223-0.4284	#fed683
OX030909.1	22300000	22400000	gc224-0.41214	#fec877
OX030909.1	22400000	22500000	gc225-0.41223	#fec877
OX030909.1	22500000	22600000	gc226-0.41043	#fdc776
OX030909.1	22600000	22700000	gc227-0.45204	#fee695
OX030909.1	22700000	22800000	gc228-0.41169	#fec877
OX030909.1	22800000	22900000	gc229-0.42079	#fed07e
OX030909.1	22900000	23000000	gc230-0.41505	#feca79
OX030909.1	23000000	23100000	gc231-0.41143	#fec877
OX030909.1	23100000	23200000	gc232-0.42229	#fed07e
OX030909.1	23200000	23300000	gc233-0.42754	#fed683
OX030909.1	23300000	23400000	gc234-0.40153	#fdbf6f
OX030909.1	23400000	23500000	gc235-0.40131	#fdbf6f
OX030909.1	23500000	23600000	gc236-0.40184	#fdc171
OX030909.1	23600000	23700000	gc237-0.41089	#fdc776
OX030909.1	23700000	23800000	gc238-0.42562	#fed481
OX030909.1	23800000	23900000	gc239-0.42255	#fed07e
OX030909.1	23900000	24000000	gc240-0.40853	#fdc574
OX030909.1	24000000	24100000	gc241-0.4016281407035176	#fdc171
OX030909.1	24100000	24200000	gc242-0.48358	#fff6b0
OX030909.1	24200000	24300000	gc243-0.47818	#fff3ac
OX030909.1	24300000	24400000	gc244-0.42277	#fed27f
OX030909.1	24400000	24500000	gc245-0.39666	#fdbb6c
OX030909.1	24500000	24600000	gc246-0.41014	#fdc776
OX030909.1	24600000	24700000	gc247-0.42338	#fed27f
OX030909.1	24700000	24800000	gc248-0.41883	#fece7c
OX030909.1	24800000	24900000	gc249-0.41534	#feca79
OX030909.1	24900000	25000000	gc250-0.40684	#fdc574
OX030909.1	25000000	25100000	gc251-0.40872	#fdc776
OX030909.1	25100000	25200000	gc252-0.41674	#fecc7b
OX030909.1	25200000	25300000	gc253-0.41513	#feca79
OX030909.1	25300000	25400000	gc254-0.40823	#fdc574
OX030909.1	25400000	25500000	gc255-0.40875	#fdc776
OX030909.1	25500000	25600000	gc256-0.43208	#feda86
OX030909.1	25600000	25700000	gc257-0.40234	#fdc171
OX030909.1	25700000	25800000	gc258-0.42218	#fed07e
OX030909.1	25800000	25900000	gc259-0.41201	#fec877
OX030909.1	25900000	26000000	gc260-0.40333	#fdc171
OX030909.1	26000000	26100000	gc261-0.4066733466933868	#fdc574
OX030909.1	26100000	26200000	gc262-0.41146	#fec877
OX030909.1	26200000	26300000	gc263-0.37536	#fca85e
OX030909.1	26300000	26400000	gc264-0.41674	#fecc7b
OX030909.1	26400000	26500000	gc265-0.42282	#fed27f
OX030909.1	26500000	26600000	gc266-0.41559	#feca79
OX030909.1	26600000	26700000	gc267-0.3909	#fdb768
OX030909.1	26700000	26800000	gc268-0.47606	#fff2aa
OX030909.1	26800000	26900000	gc269-0.49868	#fffebe
OX030909.1	26900000	27000000	gc270-0.51777	#f8fcb4
OX030909.1	27000000	27100000	gc271-0.52252	#f6fbb0
OX030909.1	27100000	27200000	gc272-0.43374	#feda86
OX030909.1	27200000	27300000	gc273-0.44512	#fee28f
OX030909.1	27300000	27400000	gc274-0.43641	#fedc88
OX030909.1	27400000	27500000	gc275-0.43105	#fed884
OX030909.1	27500000	27600000	gc276-0.43647	#fedc88
OX030909.1	27600000	27700000	gc277-0.43171	#fed884
OX030909.1	27700000	27800000	gc278-0.44021	#fee08b
OX030909.1	27800000	27900000	gc279-0.4295	#fed683
OX030909.1	27900000	28000000	gc280-0.43479	#fedc88
OX030909.1	28000000	28097889	gc281-0.5156861342949668	#f9fcb5
CALSDY020000001.1	0	100000	gc282-0.43337	#feda86
CALSDY020000001.1	100000	200000	gc283-0.43202	#fed884
CALSDY020000001.1	200000	300000	gc284-0.43616	#fedc88
CALSDY020000001.1	300000	400000	gc285-0.43194	#fed884
CALSDY020000001.1	400000	500000	gc286-0.43526	#fedc88
CALSDY020000001.1	500000	600000	gc287-0.42511	#fed481
CALSDY020000001.1	600000	700000	gc288-0.43054	#fed884
CALSDY020000001.1	700000	800000	gc289-0.42813	#fed683
CALSDY020000001.1	800000	900000	gc290-0.43116	#fed884
CALSDY020000001.1	900000	1000000	gc291-0.4278	#fed683
CALSDY020000001.1	1000000	1100000	gc292-0.42562	#fed481
CALSDY020000001.1	1100000	1200000	gc293-0.4271	#fed481
CALSDY020000001.1	1200000	1300000	gc294-0.42486	#fed27f
CALSDY020000001.1	1300000	1400000	gc295-0.43312	#feda86
CALSDY020000001.1	1400000	1500000	gc296-0.43115	#fed884
CALSDY020000001.1	1500000	1600000	gc297-0.43332	#feda86
CALSDY020000001.1	1600000	1700000	gc298-0.41636	#fecc7b
CALSDY020000001.1	1700000	1800000	gc299-0.42525	#fed481
CALSDY020000001.1	1800000	1900000	gc300-0.43024	#fed884
CALSDY020000001.1	1900000	2000000	gc301-0.43306	#feda86
CALSDY020000001.1	2000000	2100000	gc302-0.48781	#fff8b4
CALSDY020000001.1	2100000	2164118	gc303-0.5194953055304282	#f7fcb2
CALSDY020000010.1	0	100000	gc304-0.49546	#fffdbc
CALSDY020000010.1	100000	164687	gc305-0.5044753969112805	#fefebd
CALSDY020000100.1	0	31174	gc306-0.4971129787643549	#fffdbc
CALSDY020000101.1	0	31013	gc307-0.4907619385419018	#fffbb8
CALSDY020000102.1	0	30759	gc308-0.4937741799148217	#fffcba
CALSDY020000103.1	0	30683	gc309-0.4708796401916371	#fff0a6
CALSDY020000104.1	0	30218	gc310-0.5030776358461844	#fefebd
CALSDY020000105.1	0	30108	gc311-0.47369469908330014	#fff1a8
CALSDY020000106.1	0	30010	gc312-0.4948350549816728	#fffcba
CALSDY020000107.1	0	29908	gc313-0.49120636618964825	#fffbb8
CALSDY020000108.1	0	29727	gc314-0.49759477915699535	#fffdbc
CALSDY020000109.1	0	29131	gc315-0.5067797191994782	#fdfebb
CALSDY020000011.1	0	100000	gc316-0.49256	#fffbb8
CALSDY020000011.1	100000	154153	gc317-0.5020405148375898	#ffffbe
CALSDY020000110.1	0	28987	gc318-0.48670093490185257	#fff8b4
CALSDY020000111.1	0	28919	gc319-0.4587987136484664	#feea9b
CALSDY020000112.1	0	28851	gc320-0.5128765034140931	#fafdb7
CALSDY020000113.1	0	28692	gc321-0.4983619127282866	#fffebe
CALSDY020000114.1	0	28627	gc322-0.49949348517134173	#fffebe
CALSDY020000115.1	0	28329	gc323-0.4915104663066116	#fffbb8
CALSDY020000116.1	0	27695	gc324-0.5008485286152735	#ffffbe
CALSDY020000117.1	0	27644	gc325-0.48730285052814354	#fff8b4
CALSDY020000118.1	0	27310	gc326-0.5013914317099963	#ffffbe
CALSDY020000119.1	0	27237	gc327-0.488526636560561	#fffab6
CALSDY020000012.1	0	100000	gc328-0.50157	#ffffbe
CALSDY020000012.1	100000	123972	gc329-0.5138912064074754	#fafdb7
CALSDY020000120.1	0	27092	gc330-0.49981544367340913	#fffebe
CALSDY020000121.1	0	27045	gc331-0.5136254390830098	#fafdb7
CALSDY020000122.1	0	26917	gc332-0.490507857487833	#fffab6
CALSDY020000123.1	0	26882	gc333-0.4879473253478164	#fff8b4
CALSDY020000124.1	0	26860	gc334-0.4653760238272524	#feeda1
CALSDY020000125.1	0	26823	gc335-0.5028147485367036	#fefebd
CALSDY020000126.1	0	26406	gc336-0.50496099371355	#fdfebb
CALSDY020000127.1	0	26357	gc337-0.47862048032780663	#fff3ac
CALSDY020000128.1	0	25615	gc338-0.48791723599453446	#fff8b4
CALSDY020000129.1	0	25535	gc339-0.48317994908948503	#fff6b0
CALSDY020000013.1	0	100000	gc340-0.48612	#fff8b4
CALSDY020000013.1	100000	121854	gc341-0.49405143223208564	#fffcba
CALSDY020000130.1	0	25490	gc342-0.4917614750882699	#fffbb8
CALSDY020000131.1	0	25341	gc343-0.5066098417584152	#fdfebb
CALSDY020000132.1	0	25250	gc344-0.4994059405940594	#fffebe
CALSDY020000133.1	0	25080	gc345-0.49780701754385964	#fffebe
CALSDY020000134.1	0	24884	gc346-0.49823179553126506	#fffebe
CALSDY020000135.1	0	24851	gc347-0.4850911432135528	#fff7b2
CALSDY020000136.1	0	24833	gc348-0.47569766037128014	#fff2aa
CALSDY020000137.1	0	24830	gc349-0.463229963753524	#feec9f
CALSDY020000138.1	0	24569	gc350-0.4912287842403028	#fffbb8
CALSDY020000139.1	0	24488	gc351-0.5089023195034302	#fcfeba
CALSDY020000014.1	0	100000	gc352-0.51879	#f7fcb2
CALSDY020000014.1	100000	111972	gc353-0.5002505846976278	#ffffbe
CALSDY020000140.1	0	24465	gc354-0.49339873288371144	#fffcba
CALSDY020000141.1	0	23363	gc355-0.4947566665239909	#fffcba
CALSDY020000142.1	0	22709	gc356-0.49936148663525476	#fffebe
CALSDY020000143.1	0	22708	gc357-0.5016293817156949	#ffffbe
CALSDY020000144.1	0	22555	gc358-0.48641099534471294	#fff8b4
CALSDY020000145.1	0	22486	gc359-0.4944409855020902	#fffcba
CALSDY020000146.1	0	22469	gc360-0.5117272686812943	#fafdb7
CALSDY020000147.1	0	22424	gc361-0.5046378879771674	#fefebd
CALSDY020000148.1	0	22389	gc362-0.5160569922729912	#f9fcb5
CALSDY020000149.1	0	22304	gc363-0.5108500717360115	#fbfdb8
CALSDY020000015.1	0	100000	gc364-0.50342	#fefebd
CALSDY020000015.1	100000	101726	gc365-0.5857473928157589	#cdeb9d
CALSDY020000150.1	0	21931	gc366-0.4874834708859605	#fff8b4
CALSDY020000151.1	0	21229	gc367-0.48951905412407554	#fffab6
CALSDY020000152.1	0	21011	gc368-0.49983342058921515	#fffebe
CALSDY020000153.1	0	20642	gc369-0.5146303652746826	#f9fcb5
CALSDY020000154.1	0	20409	gc370-0.4883629771179382	#fffab6
CALSDY020000155.1	0	20295	gc371-0.4927814732692781	#fffbb8
CALSDY020000156.1	0	19932	gc372-0.5333634356813165	#f1f9a9
CALSDY020000157.1	0	19375	gc373-0.5048774193548388	#fdfebb
CALSDY020000158.1	0	19277	gc374-0.48700523940447166	#fff8b4
CALSDY020000159.1	0	18880	gc375-0.5048199152542373	#fdfebb
CALSDY020000016.1	0	100000	gc376-0.44517	#fee28f
CALSDY020000016.1	100000	101719	gc377-0.5002908667830134	#ffffbe
CALSDY020000160.1	0	17445	gc378-0.492920607623961	#fffbb8
CALSDY020000161.1	0	15611	gc379-0.5188008455576196	#f7fcb2
CALSDY020000017.1	0	100000	gc380-0.49885	#fffebe
CALSDY020000017.1	100000	100994	gc381-0.45271629778672035	#fee695
CALSDY020000018.1	0	99177	gc382-0.4940661645341158	#fffcba
CALSDY020000019.1	0	96204	gc383-0.5101243191551287	#fbfdb8
CALSDY020000002.1	0	100000	gc384-0.5015	#ffffbe
CALSDY020000002.1	100000	200000	gc385-0.49806	#fffebe
CALSDY020000002.1	200000	300000	gc386-0.48878	#fffab6
CALSDY020000002.1	300000	400000	gc387-0.48509	#fff7b2
CALSDY020000002.1	400000	500000	gc388-0.49122	#fffbb8
CALSDY020000002.1	500000	600000	gc389-0.48985	#fffab6
CALSDY020000002.1	600000	657391	gc390-0.4790123887020613	#fff5ae
CALSDY020000020.1	0	95944	gc391-0.5115900942216293	#fbfdb8
CALSDY020000021.1	0	87820	gc392-0.5059553632429971	#fdfebb
CALSDY020000022.1	0	87085	gc393-0.4945742665212149	#fffcba
CALSDY020000023.1	0	81098	gc394-0.5059187649510469	#fdfebb
CALSDY020000024.1	0	80938	gc395-0.492994637870963	#fffcba
CALSDY020000025.1	0	79180	gc396-0.5014018691588785	#ffffbe
CALSDY020000026.1	0	77200	gc397-0.49112694300518134	#fffbb8
CALSDY020000027.1	0	76972	gc398-0.4962064127215091	#fffdbc
CALSDY020000028.1	0	75007	gc399-0.47030277174130414	#fff0a6
CALSDY020000029.1	0	74530	gc400-0.48359050046960955	#fff6b0
CALSDY020000003.1	0	100000	gc401-0.39075	#fdb768
CALSDY020000003.1	100000	200000	gc402-0.39047	#fdb768
CALSDY020000003.1	200000	300000	gc403-0.38997	#fdb768
CALSDY020000003.1	300000	400000	gc404-0.39031	#fdb768
CALSDY020000003.1	400000	500000	gc405-0.38979	#fdb567
CALSDY020000003.1	500000	569462	gc406-0.3896087069188909	#fdb567
CALSDY020000030.1	0	73837	gc407-0.4942914798813603	#fffcba
CALSDY020000031.1	0	71468	gc408-0.4951586724128281	#fffcba
CALSDY020000032.1	0	70457	gc409-0.5115176632556027	#fbfdb8
CALSDY020000033.1	0	69987	gc410-0.5090373926586366	#fcfeba
CALSDY020000034.1	0	69926	gc411-0.4936075279581272	#fffcba
CALSDY020000035.1	0	69696	gc412-0.4923525022956841	#fffbb8
CALSDY020000036.1	0	62937	gc413-0.5015015015015015	#ffffbe
CALSDY020000037.1	0	61640	gc414-0.49037962362102533	#fffab6
CALSDY020000038.1	0	60906	gc415-0.5029225363675172	#fefebd
CALSDY020000039.1	0	58984	gc416-0.50952800759528	#fbfdb8
CALSDY020000004.1	0	100000	gc417-0.50301	#fefebd
CALSDY020000004.1	100000	200000	gc418-0.4954	#fffdbc
CALSDY020000004.1	200000	300000	gc419-0.5118	#fafdb7
CALSDY020000004.1	300000	387890	gc420-0.485650532097494	#fff7b2
CALSDY020000040.1	0	57885	gc421-0.4988338947913967	#fffebe
CALSDY020000041.1	0	55467	gc422-0.4956100023437359	#fffdbc
CALSDY020000042.1	0	54849	gc423-0.49623511823369615	#fffdbc
CALSDY020000043.1	0	53878	gc424-0.5179850773970823	#f8fcb4
CALSDY020000044.1	0	53521	gc425-0.48097008650809964	#fff5ae
CALSDY020000045.1	0	52870	gc426-0.5003593720446378	#ffffbe
CALSDY020000046.1	0	52099	gc427-0.47774429451620953	#fff3ac
CALSDY020000047.1	0	50272	gc428-0.48516072565245066	#fff7b2
CALSDY020000048.1	0	50102	gc429-0.4929144545127939	#fffbb8
CALSDY020000049.1	0	50012	gc430-0.5033791889946413	#fefebd
CALSDY020000005.1	0	100000	gc431-0.4781	#fff3ac
CALSDY020000005.1	100000	200000	gc432-0.48763	#fff8b4
CALSDY020000005.1	200000	276960	gc433-0.5090566528066528	#fcfeba
CALSDY020000050.1	0	49911	gc434-0.49399931878744163	#fffcba
CALSDY020000051.1	0	49882	gc435-0.4800930195260816	#fff5ae
CALSDY020000052.1	0	49160	gc436-0.44342961757526445	#fee18d
CALSDY020000053.1	0	46771	gc437-0.4868828975219687	#fff8b4
CALSDY020000054.1	0	45757	gc438-0.5024367856284284	#fefebd
CALSDY020000055.1	0	45752	gc439-0.5063822346564084	#fdfebb
CALSDY020000056.1	0	45410	gc440-0.4911693459590399	#fffbb8
CALSDY020000057.1	0	45205	gc441-0.49602920030970027	#fffdbc
CALSDY020000058.1	0	44228	gc442-0.5070317445961834	#fcfeba
CALSDY020000059.1	0	44114	gc443-0.4826585664414925	#fff6b0
CALSDY020000006.1	0	100000	gc444-0.33744	#f67f4b
CALSDY020000006.1	100000	200000	gc445-0.32288442211055274	#f47044
CALSDY020000006.1	200000	219387	gc446-0.36080878939495536	#fa9857
CALSDY020000060.1	0	43373	gc447-0.493163949922763	#fffcba
CALSDY020000061.1	0	43327	gc448-0.5077203591294113	#fcfeba
CALSDY020000062.1	0	43323	gc449-0.4965722595388131	#fffdbc
CALSDY020000063.1	0	42831	gc450-0.4983073007868133	#fffebe
CALSDY020000064.1	0	42780	gc451-0.5037166900420758	#fefebd
CALSDY020000065.1	0	42078	gc452-0.5000712961642664	#ffffbe
CALSDY020000066.1	0	42072	gc453-0.48262502376877736	#fff6b0
CALSDY020000067.1	0	41066	gc454-0.49520284420201627	#fffcba
CALSDY020000068.1	0	40962	gc455-0.5119867193984668	#fafdb7
CALSDY020000069.1	0	40649	gc456-0.503185810229034	#fefebd
CALSDY020000007.1	0	100000	gc457-0.5039	#fefebd
CALSDY020000007.1	100000	187995	gc458-0.5013921245525313	#ffffbe
CALSDY020000070.1	0	40079	gc459-0.4851418448564086	#fff7b2
CALSDY020000071.1	0	40036	gc460-0.492456788889999	#fffbb8
CALSDY020000072.1	0	39518	gc461-0.48248899235791287	#fff6b0
CALSDY020000073.1	0	39380	gc462-0.4952767902488573	#fffcba
CALSDY020000074.1	0	39154	gc463-0.5086070388721459	#fcfeba
CALSDY020000075.1	0	38179	gc464-0.5001440582519185	#ffffbe
CALSDY020000076.1	0	37523	gc465-0.496682035018522	#fffdbc
CALSDY020000077.1	0	37244	gc466-0.46375255074642896	#feec9f
CALSDY020000078.1	0	37123	gc467-0.4964577216281012	#fffdbc
CALSDY020000079.1	0	36964	gc468-0.4916675684449735	#fffbb8
CALSDY020000008.1	0	100000	gc469-0.41022	#fdc776
CALSDY020000008.1	100000	187637	gc470-0.392014788274359	#fdb768
CALSDY020000080.1	0	36801	gc471-0.47224260210320373	#fff1a8
CALSDY020000081.1	0	35835	gc472-0.5084135621598995	#fcfeba
CALSDY020000082.1	0	35472	gc473-0.4984212900315742	#fffebe
CALSDY020000083.1	0	35308	gc474-0.4946754276651184	#fffcba
CALSDY020000084.1	0	35024	gc475-0.4967450890817725	#fffdbc
CALSDY020000085.1	0	34961	gc476-0.49263465003861445	#fffbb8
CALSDY020000086.1	0	34312	gc477-0.4924807647470273	#fffbb8
CALSDY020000087.1	0	34053	gc478-0.48685872023022936	#fff8b4
CALSDY020000088.1	0	33545	gc479-0.49229393352213446	#fffbb8
CALSDY020000089.1	0	33231	gc480-0.5188829707201107	#f7fcb2
CALSDY020000009.1	0	100000	gc481-0.50316	#fefebd
CALSDY020000009.1	100000	168435	gc482-0.5023014539343903	#ffffbe
CALSDY020000090.1	0	32981	gc483-0.48352081501470545	#fff6b0
CALSDY020000091.1	0	32625	gc484-0.5059003831417624	#fdfebb
CALSDY020000092.1	0	32597	gc485-0.49345031751388163	#fffcba
CALSDY020000093.1	0	32351	gc486-0.5093814719792279	#fbfdb8
CALSDY020000094.1	0	31859	gc487-0.4909130857842368	#fffbb8
CALSDY020000095.1	0	31795	gc488-0.49218430570844474	#fffbb8
CALSDY020000096.1	0	31673	gc489-0.4989107441669561	#fffebe
CALSDY020000097.1	0	31608	gc490-0.4950329030625158	#fffcba
CALSDY020000098.1	0	31584	gc491-0.4980369807497467	#fffebe
CALSDY020000099.1	0	31438	gc492-0.4986322285132642	#fffebe
OX030907.1	0	100000	gc493-0.37024	#fba35c
OX030907.1	100000	200000	gc494-0.3606	#fa9857
OX030907.1	200000	300000	gc495-0.39142	#fdb768
OX030907.1	300000	400000	gc496-0.42309	#fed27f
OX030907.1	400000	500000	gc497-0.42636	#fed481
OX030907.1	500000	600000	gc498-0.42433	#fed27f
OX030907.1	600000	700000	gc499-0.47381	#fff1a8
OX030907.1	700000	800000	gc500-0.47736	#fff3ac
OX030907.1	800000	900000	gc501-0.4768	#fff3ac
OX030907.1	900000	1000000	gc502-0.48707	#fff8b4
OX030907.1	1000000	1100000	gc503-0.48696	#fff8b4
OX030907.1	1100000	1200000	gc504-0.49535	#fffdbc
OX030907.1	1200000	1300000	gc505-0.48898	#fffab6
OX030907.1	1300000	1400000	gc506-0.47931	#fff5ae
OX030907.1	1400000	1500000	gc507-0.47257	#fff1a8
OX030907.1	1500000	1600000	gc508-0.48475	#fff7b2
OX030907.1	1600000	1700000	gc509-0.48211	#fff6b0
OX030907.1	1700000	1800000	gc510-0.48395	#fff7b2
OX030907.1	1800000	1900000	gc511-0.48082	#fff5ae
OX030907.1	1900000	2000000	gc512-0.4781	#fff3ac
OX030907.1	2000000	2100000	gc513-0.49072	#fffbb8
OX030907.1	2100000	2200000	gc514-0.47967	#fff5ae
OX030907.1	2200000	2300000	gc515-0.49753	#fffdbc
OX030907.1	2300000	2400000	gc516-0.50105	#ffffbe
OX030907.1	2400000	2500000	gc517-0.5071	#fcfeba
OX030907.1	2500000	2600000	gc518-0.47503	#fff2aa
OX030907.1	2600000	2700000	gc519-0.50057	#ffffbe
OX030907.1	2700000	2800000	gc520-0.48444	#fff7b2
OX030907.1	2800000	2900000	gc521-0.47446	#fff2aa
OX030907.1	2900000	3000000	gc522-0.47032	#fff0a6
OX030907.1	3000000	3100000	gc523-0.45861	#feea9b
OX030907.1	3100000	3200000	gc524-0.45524	#fee797
OX030907.1	3200000	3300000	gc525-0.47546	#fff2aa
OX030907.1	3300000	3400000	gc526-0.47708	#fff3ac
OX030907.1	3400000	3500000	gc527-0.4574	#fee999
OX030907.1	3500000	3600000	gc528-0.47639	#fff2aa
OX030907.1	3600000	3700000	gc529-0.46434	#feec9f
OX030907.1	3700000	3800000	gc530-0.46964	#fff0a6
OX030907.1	3800000	3900000	gc531-0.46423	#feec9f
OX030907.1	3900000	4000000	gc532-0.46806	#feefa3
OX030907.1	4000000	4100000	gc533-0.47869	#fff3ac
OX030907.1	4100000	4200000	gc534-0.47676	#fff3ac
OX030907.1	4200000	4300000	gc535-0.47495	#fff2aa
OX030907.1	4300000	4400000	gc536-0.47752	#fff3ac
OX030907.1	4400000	4500000	gc537-0.48532	#fff7b2
OX030907.1	4500000	4600000	gc538-0.48107	#fff5ae
OX030907.1	4600000	4700000	gc539-0.47634	#fff2aa
OX030907.1	4700000	4800000	gc540-0.49584	#fffdbc
OX030907.1	4800000	4900000	gc541-0.47654	#fff2aa
OX030907.1	4900000	5000000	gc542-0.48136	#fff6b0
OX030907.1	5000000	5100000	gc543-0.47382	#fff1a8
OX030907.1	5100000	5200000	gc544-0.48429	#fff7b2
OX030907.1	5200000	5300000	gc545-0.501	#ffffbe
OX030907.1	5300000	5400000	gc546-0.47843	#fff3ac
OX030907.1	5400000	5500000	gc547-0.47526	#fff2aa
OX030907.1	5500000	5600000	gc548-0.48738	#fff8b4
OX030907.1	5600000	5700000	gc549-0.51007	#fbfdb8
OX030907.1	5700000	5800000	gc550-0.47073	#fff0a6
OX030907.1	5800000	5900000	gc551-0.48964	#fffab6
OX030907.1	5900000	6000000	gc552-0.4911	#fffbb8
OX030907.1	6000000	6100000	gc553-0.48511	#fff7b2
OX030907.1	6100000	6200000	gc554-0.47933	#fff5ae
OX030907.1	6200000	6300000	gc555-0.47849	#fff3ac
OX030907.1	6300000	6400000	gc556-0.47006	#fff0a6
OX030907.1	6400000	6500000	gc557-0.48904	#fffab6
OX030907.1	6500000	6600000	gc558-0.48668	#fff8b4
OX030907.1	6600000	6700000	gc559-0.48652	#fff8b4
OX030907.1	6700000	6800000	gc560-0.47903	#fff5ae
OX030907.1	6800000	6900000	gc561-0.46657	#feeda1
OX030907.1	6900000	7000000	gc562-0.48225	#fff6b0
OX030907.1	7000000	7100000	gc563-0.50871	#fcfeba
OX030907.1	7100000	7200000	gc564-0.48273	#fff6b0
OX030907.1	7200000	7300000	gc565-0.46751	#feefa3
OX030907.1	7300000	7400000	gc566-0.46168	#feeb9d
OX030907.1	7400000	7500000	gc567-0.48518	#fff7b2
OX030907.1	7500000	7600000	gc568-0.48127	#fff6b0
OX030907.1	7600000	7700000	gc569-0.47096	#fff0a6
OX030907.1	7700000	7800000	gc570-0.46687	#feeda1
OX030907.1	7800000	7900000	gc571-0.46161	#feeb9d
OX030907.1	7900000	8000000	gc572-0.47629	#fff2aa
OX030907.1	8000000	8100000	gc573-0.46164	#feeb9d
OX030907.1	8100000	8200000	gc574-0.43849	#fede89
OX030907.1	8200000	8300000	gc575-0.44081	#fee08b
OX030907.1	8300000	8400000	gc576-0.47199	#fff1a8
OX030907.1	8400000	8500000	gc577-0.43477	#fedc88
OX030907.1	8500000	8600000	gc578-0.43384	#feda86
OX030907.1	8600000	8700000	gc579-0.46669	#feeda1
OX030907.1	8700000	8800000	gc580-0.47745	#fff3ac
OX030907.1	8800000	8900000	gc581-0.48705	#fff8b4
OX030907.1	8900000	9000000	gc582-0.46701	#feeda1
OX030907.1	9000000	9100000	gc583-0.48692	#fff8b4
OX030907.1	9100000	9200000	gc584-0.46823	#feefa3
OX030907.1	9200000	9300000	gc585-0.46197	#feeb9d
OX030907.1	9300000	9400000	gc586-0.48096	#fff5ae
OX030907.1	9400000	9500000	gc587-0.45162	#fee695
OX030907.1	9500000	9600000	gc588-0.40388	#fdc171
OX030907.1	9600000	9700000	gc589-0.40344	#fdc171
OX030907.1	9700000	9800000	gc590-0.4213	#fed07e
OX030907.1	9800000	9900000	gc591-0.42595	#fed481
OX030907.1	9900000	10000000	gc592-0.50204	#ffffbe
OX030907.1	10000000	10100000	gc593-0.4805	#fff5ae
OX030907.1	10100000	10200000	gc594-0.49365	#fffcba
OX030907.1	10200000	10300000	gc595-0.48802	#fff8b4
OX030907.1	10300000	10400000	gc596-0.47479	#fff2aa
OX030907.1	10400000	10500000	gc597-0.46966	#fff0a6
OX030907.1	10500000	10600000	gc598-0.47357	#fff1a8
OX030907.1	10600000	10700000	gc599-0.4808743718592965	#fff5ae
OX030907.1	10700000	10800000	gc600-0.46386	#feec9f
OX030907.1	10800000	10900000	gc601-0.47641	#fff2aa
OX030907.1	10900000	11000000	gc602-0.45317	#fee797
OX030907.1	11000000	11100000	gc603-0.48158	#fff6b0
OX030907.1	11100000	11200000	gc604-0.45683	#fee999
OX030907.1	11200000	11300000	gc605-0.45352	#fee797
OX030907.1	11300000	11400000	gc606-0.46559	#feeda1
OX030907.1	11400000	11500000	gc607-0.46714	#feeda1
OX030907.1	11500000	11600000	gc608-0.48454	#fff7b2
OX030907.1	11600000	11700000	gc609-0.47855	#fff3ac
OX030907.1	11700000	11800000	gc610-0.5018	#ffffbe
OX030907.1	11800000	11900000	gc611-0.47775	#fff3ac
OX030907.1	11900000	12000000	gc612-0.44801	#fee491
OX030907.1	12000000	12100000	gc613-0.4597	#feea9b
OX030907.1	12100000	12200000	gc614-0.46006	#feea9b
OX030907.1	12200000	12300000	gc615-0.4544	#fee797
OX030907.1	12300000	12400000	gc616-0.46436	#feec9f
OX030907.1	12400000	12500000	gc617-0.49531	#fffcba
OX030907.1	12500000	12600000	gc618-0.47765	#fff3ac
OX030907.1	12600000	12700000	gc619-0.46642	#feeda1
OX030907.1	12700000	12800000	gc620-0.49301	#fffcba
OX030907.1	12800000	12900000	gc621-0.48273	#fff6b0
OX030907.1	12900000	13000000	gc622-0.4716	#fff0a6
OX030907.1	13000000	13100000	gc623-0.4825	#fff6b0
OX030907.1	13100000	13200000	gc624-0.45277	#fee695
OX030907.1	13200000	13300000	gc625-0.46202	#feeb9d
OX030907.1	13300000	13400000	gc626-0.46625	#feeda1
OX030907.1	13400000	13500000	gc627-0.4676	#feefa3
OX030907.1	13500000	13600000	gc628-0.45416	#fee797
OX030907.1	13600000	13700000	gc629-0.49603	#fffdbc
OX030907.1	13700000	13800000	gc630-0.48643	#fff8b4
OX030907.1	13800000	13900000	gc631-0.49906	#fffebe
OX030907.1	13900000	14000000	gc632-0.48767	#fff8b4
OX030907.1	14000000	14100000	gc633-0.47348	#fff1a8
OX030907.1	14100000	14200000	gc634-0.4661	#feeda1
OX030907.1	14200000	14300000	gc635-0.47866	#fff3ac
OX030907.1	14300000	14400000	gc636-0.48309	#fff6b0
OX030907.1	14400000	14500000	gc637-0.49334	#fffcba
OX030907.1	14500000	14600000	gc638-0.46926	#feefa3
OX030907.1	14600000	14700000	gc639-0.47971	#fff5ae
OX030907.1	14700000	14800000	gc640-0.46123	#feeb9d
OX030907.1	14800000	14900000	gc641-0.47355	#fff1a8
OX030907.1	14900000	15000000	gc642-0.46514	#feeda1
OX030907.1	15000000	15100000	gc643-0.45105	#fee695
OX030907.1	15100000	15200000	gc644-0.44937	#fee593
OX030907.1	15200000	15300000	gc645-0.44727	#fee491
OX030907.1	15300000	15400000	gc646-0.45381	#fee797
OX030907.1	15400000	15500000	gc647-0.47402	#fff1a8
OX030907.1	15500000	15600000	gc648-0.45341	#fee797
OX030907.1	15600000	15700000	gc649-0.46823	#feefa3
OX030907.1	15700000	15800000	gc650-0.4733	#fff1a8
OX030907.1	15800000	15900000	gc651-0.4651	#feeda1
OX030907.1	15900000	16000000	gc652-0.45982	#feea9b
OX030907.1	16000000	16100000	gc653-0.46789	#feefa3
OX030907.1	16100000	16200000	gc654-0.4662	#feeda1
OX030907.1	16200000	16300000	gc655-0.49925	#fffebe
OX030907.1	16300000	16400000	gc656-0.43797	#fede89
OX030907.1	16400000	16500000	gc657-0.44248	#fee18d
OX030907.1	16500000	16600000	gc658-0.46774	#feefa3
OX030907.1	16600000	16700000	gc659-0.49152	#fffbb8
OX030907.1	16700000	16800000	gc660-0.4867	#fff8b4
OX030907.1	16800000	16900000	gc661-0.4785	#fff3ac
OX030907.1	16900000	17000000	gc662-0.46631	#feeda1
OX030907.1	17000000	17100000	gc663-0.43882	#fede89
OX030907.1	17100000	17200000	gc664-0.47361	#fff1a8
OX030907.1	17200000	17300000	gc665-0.46084	#feeb9d
OX030907.1	17300000	17400000	gc666-0.48872	#fffab6
OX030907.1	17400000	17500000	gc667-0.46843	#feefa3
OX030907.1	17500000	17600000	gc668-0.4582	#feea9b
OX030907.1	17600000	17700000	gc669-0.47576	#fff2aa
OX030907.1	17700000	17800000	gc670-0.47418	#fff1a8
OX030907.1	17800000	17900000	gc671-0.46829	#feefa3
OX030907.1	17900000	18000000	gc672-0.4637386934673367	#feec9f
OX030907.1	18000000	18100000	gc673-0.48227	#fff6b0
OX030907.1	18100000	18200000	gc674-0.5014	#ffffbe
OX030907.1	18200000	18300000	gc675-0.50103	#ffffbe
OX030907.1	18300000	18400000	gc676-0.46283	#feec9f
OX030907.1	18400000	18500000	gc677-0.44361	#fee18d
OX030907.1	18500000	18600000	gc678-0.45795	#feea9b
OX030907.1	18600000	18700000	gc679-0.46145	#feeb9d
OX030907.1	18700000	18800000	gc680-0.4478	#fee491
OX030907.1	18800000	18900000	gc681-0.47647	#fff2aa
OX030907.1	18900000	19000000	gc682-0.49387	#fffcba
OX030907.1	19000000	19100000	gc683-0.48602	#fff8b4
OX030907.1	19100000	19200000	gc684-0.48548	#fff7b2
OX030907.1	19200000	19300000	gc685-0.47487	#fff2aa
OX030907.1	19300000	19400000	gc686-0.4663	#feeda1
OX030907.1	19400000	19500000	gc687-0.44675	#fee491
OX030907.1	19500000	19600000	gc688-0.46355	#feec9f
OX030907.1	19600000	19700000	gc689-0.46536	#feeda1
OX030907.1	19700000	19800000	gc690-0.44443	#fee28f
OX030907.1	19800000	19900000	gc691-0.46259	#feec9f
OX030907.1	19900000	20000000	gc692-0.45314	#fee797
OX030907.1	20000000	20100000	gc693-0.44939	#fee593
OX030907.1	20100000	20200000	gc694-0.42907	#fed683
OX030907.1	20200000	20300000	gc695-0.45717	#fee999
OX030907.1	20300000	20400000	gc696-0.46812	#feefa3
OX030907.1	20400000	20500000	gc697-0.46089	#feeb9d
OX030907.1	20500000	20600000	gc698-0.4841	#fff7b2
OX030907.1	20600000	20700000	gc699-0.49434	#fffcba
OX030907.1	20700000	20800000	gc700-0.48545	#fff7b2
OX030907.1	20800000	20900000	gc701-0.46304	#feec9f
OX030907.1	20900000	21000000	gc702-0.48369	#fff7b2
OX030907.1	21000000	21100000	gc703-0.4441	#fee28f
OX030907.1	21100000	21200000	gc704-0.47017	#fff0a6
OX030907.1	21200000	21300000	gc705-0.44847	#fee593
OX030907.1	21300000	21400000	gc706-0.4676	#feefa3
OX030907.1	21400000	21500000	gc707-0.46669	#feeda1
OX030907.1	21500000	21600000	gc708-0.4941	#fffcba
OX030907.1	21600000	21700000	gc709-0.4964	#fffdbc
OX030907.1	21700000	21800000	gc710-0.48309	#fff6b0
OX030907.1	21800000	21900000	gc711-0.47203	#fff1a8
OX030907.1	21900000	22000000	gc712-0.48351	#fff6b0
OX030907.1	22000000	22100000	gc713-0.48457	#fff7b2
OX030907.1	22100000	22200000	gc714-0.49481	#fffcba
OX030907.1	22200000	22300000	gc715-0.46688	#feeda1
OX030907.1	22300000	22400000	gc716-0.48816	#fff8b4
OX030907.1	22400000	22500000	gc717-0.4672	#feefa3
OX030907.1	22500000	22600000	gc718-0.4774	#fff3ac
OX030907.1	22600000	22700000	gc719-0.46756	#feefa3
OX030907.1	22700000	22800000	gc720-0.46166	#feeb9d
OX030907.1	22800000	22900000	gc721-0.4653	#feeda1
OX030907.1	22900000	23000000	gc722-0.46598	#feeda1
OX030907.1	23000000	23100000	gc723-0.48143718592964824	#fff6b0
OX030907.1	23100000	23200000	gc724-0.46597	#feeda1
OX030907.1	23200000	23300000	gc725-0.48057	#fff5ae
OX030907.1	23300000	23400000	gc726-0.47408	#fff1a8
OX030907.1	23400000	23500000	gc727-0.48129	#fff6b0
OX030907.1	23500000	23600000	gc728-0.46918	#feefa3
OX030907.1	23600000	23700000	gc729-0.46041	#feeb9d
OX030907.1	23700000	23800000	gc730-0.49577	#fffdbc
OX030907.1	23800000	23900000	gc731-0.46903	#feefa3
OX030907.1	23900000	24000000	gc732-0.47901	#fff5ae
OX030907.1	24000000	24100000	gc733-0.49381	#fffcba
OX030907.1	24100000	24200000	gc734-0.46533	#feeda1
OX030907.1	24200000	24300000	gc735-0.46618	#feeda1
OX030907.1	24300000	24400000	gc736-0.46822	#feefa3
OX030907.1	24400000	24500000	gc737-0.47035	#fff0a6
OX030907.1	24500000	24600000	gc738-0.46111	#feeb9d
OX030907.1	24600000	24700000	gc739-0.45952	#feea9b
OX030907.1	24700000	24800000	gc740-0.48877	#fffab6
OX030907.1	24800000	24900000	gc741-0.50411	#fefebd
OX030907.1	24900000	25000000	gc742-0.4847	#fff7b2
OX030907.1	25000000	25100000	gc743-0.48207	#fff6b0
OX030907.1	25100000	25200000	gc744-0.48802	#fff8b4
OX030907.1	25200000	25300000	gc745-0.47926	#fff5ae
OX030907.1	25300000	25400000	gc746-0.50422	#fefebd
OX030907.1	25400000	25500000	gc747-0.47365	#fff1a8
OX030907.1	25500000	25600000	gc748-0.46681	#feeda1
OX030907.1	25600000	25700000	gc749-0.44031	#fee08b
OX030907.1	25700000	25800000	gc750-0.45945	#feea9b
OX030907.1	25800000	25900000	gc751-0.45335	#fee797
OX030907.1	25900000	26000000	gc752-0.48349	#fff6b0
OX030907.1	26000000	26100000	gc753-0.51335	#fafdb7
OX030907.1	26100000	26200000	gc754-0.52262	#f6fbb0
OX030907.1	26200000	26300000	gc755-0.47655	#fff2aa
OX030907.1	26300000	26400000	gc756-0.47184	#fff0a6
OX030907.1	26400000	26500000	gc757-0.46579	#feeda1
OX030907.1	26500000	26600000	gc758-0.40935	#fdc776
OX030907.1	26600000	26700000	gc759-0.47104	#fff0a6
OX030907.1	26700000	26800000	gc760-0.46848	#feefa3
OX030907.1	26800000	26900000	gc761-0.47639	#fff2aa
OX030907.1	26900000	27000000	gc762-0.46446	#feec9f
OX030907.1	27000000	27100000	gc763-0.45839	#feea9b
OX030907.1	27100000	27200000	gc764-0.44135	#fee08b
OX030907.1	27200000	27300000	gc765-0.39501	#fdbb6c
OX030907.1	27300000	27400000	gc766-0.40075	#fdbf6f
OX030907.1	27400000	27500000	gc767-0.42825	#fed683
OX030907.1	27500000	27600000	gc768-0.44335	#fee18d
OX030907.1	27600000	27700000	gc769-0.44009	#fee08b
OX030907.1	27700000	27800000	gc770-0.46191	#feeb9d
OX030907.1	27800000	27900000	gc771-0.46013	#feea9b
OX030907.1	27900000	28000000	gc772-0.46098	#feeb9d
OX030907.1	28000000	28100000	gc773-0.4713	#fff0a6
OX030907.1	28100000	28200000	gc774-0.4652	#feeda1
OX030907.1	28200000	28300000	gc775-0.46653	#feeda1
OX030907.1	28300000	28400000	gc776-0.47231	#fff1a8
OX030907.1	28400000	28500000	gc777-0.47564	#fff2aa
OX030907.1	28500000	28600000	gc778-0.45317	#fee797
OX030907.1	28600000	28700000	gc779-0.44483	#fee28f
OX030907.1	28700000	28800000	gc780-0.46947	#feefa3
OX030907.1	28800000	28900000	gc781-0.45804	#feea9b
OX030907.1	28900000	29000000	gc782-0.48506	#fff7b2
OX030907.1	29000000	29100000	gc783-0.46571	#feeda1
OX030907.1	29100000	29200000	gc784-0.46978	#fff0a6
OX030907.1	29200000	29300000	gc785-0.44635	#fee491
OX030907.1	29300000	29400000	gc786-0.44649	#fee491
OX030907.1	29400000	29500000	gc787-0.43951	#fee08b
OX030907.1	29500000	29600000	gc788-0.46545	#feeda1
OX030907.1	29600000	29700000	gc789-0.44848	#fee593
OX030907.1	29700000	29800000	gc790-0.43835	#fede89
OX030907.1	29800000	29900000	gc791-0.47323	#fff1a8
OX030907.1	29900000	30000000	gc792-0.48085	#fff5ae
OX030907.1	30000000	30100000	gc793-0.48729	#fff8b4
OX030907.1	30100000	30200000	gc794-0.47857	#fff3ac
OX030907.1	30200000	30300000	gc795-0.45331	#fee797
OX030907.1	30300000	30400000	gc796-0.45599	#fee999
OX030907.1	30400000	30500000	gc797-0.47634	#fff2aa
OX030907.1	30500000	30600000	gc798-0.46796	#feefa3
OX030907.1	30600000	30700000	gc799-0.45346	#fee797
OX030907.1	30700000	30800000	gc800-0.45343	#fee797
OX030907.1	30800000	30900000	gc801-0.48658	#fff8b4
OX030907.1	30900000	31000000	gc802-0.4669	#feeda1
OX030907.1	31000000	31100000	gc803-0.48218	#fff6b0
OX030907.1	31100000	31200000	gc804-0.47839	#fff3ac
OX030907.1	31200000	31300000	gc805-0.47008	#fff0a6
OX030907.1	31300000	31400000	gc806-0.43172	#fed884
OX030907.1	31400000	31500000	gc807-0.44178	#fee18d
OX030907.1	31500000	31600000	gc808-0.45669	#fee999
OX030907.1	31600000	31700000	gc809-0.44293	#fee18d
OX030907.1	31700000	31800000	gc810-0.47351	#fff1a8
OX030907.1	31800000	31900000	gc811-0.46863	#feefa3
OX030907.1	31900000	32000000	gc812-0.45319	#fee797
OX030907.1	32000000	32100000	gc813-0.45361	#fee797
OX030907.1	32100000	32200000	gc814-0.46384	#feec9f
OX030907.1	32200000	32300000	gc815-0.47376	#fff1a8
OX030907.1	32300000	32400000	gc816-0.46135	#feeb9d
OX030907.1	32400000	32500000	gc817-0.43096	#fed884
OX030907.1	32500000	32600000	gc818-0.44682	#fee491
OX030907.1	32600000	32700000	gc819-0.49516	#fffcba
OX030907.1	32700000	32800000	gc820-0.45191	#fee695
OX030907.1	32800000	32900000	gc821-0.48058	#fff5ae
OX030907.1	32900000	33000000	gc822-0.47775	#fff3ac
OX030907.1	33000000	33100000	gc823-0.46807	#feefa3
OX030907.1	33100000	33200000	gc824-0.48851	#fffab6
OX030907.1	33200000	33300000	gc825-0.47949	#fff5ae
OX030907.1	33300000	33400000	gc826-0.49653	#fffdbc
OX030907.1	33400000	33500000	gc827-0.47693	#fff3ac
OX030907.1	33500000	33600000	gc828-0.46887	#feefa3
OX030907.1	33600000	33700000	gc829-0.45156	#fee695
OX030907.1	33700000	33800000	gc830-0.47943	#fff5ae
OX030907.1	33800000	33900000	gc831-0.42081	#fed07e
OX030907.1	33900000	34000000	gc832-0.42981	#fed884
OX030907.1	34000000	34100000	gc833-0.43644	#fedc88
OX030907.1	34100000	34200000	gc834-0.43892	#fede89
OX030907.1	34200000	34300000	gc835-0.44936	#fee593
OX030907.1	34300000	34400000	gc836-0.41549	#feca79
OX030907.1	34400000	34500000	gc837-0.49526	#fffcba
OX030907.1	34500000	34600000	gc838-0.43169	#fed884
OX030907.1	34600000	34700000	gc839-0.46	#feea9b
OX030907.1	34700000	34800000	gc840-0.45347	#fee797
OX030907.1	34800000	34900000	gc841-0.4734	#fff1a8
OX030907.1	34900000	35000000	gc842-0.48058	#fff5ae
OX030907.1	35000000	35100000	gc843-0.44176	#fee18d
OX030907.1	35100000	35200000	gc844-0.43982	#fee08b
OX030907.1	35200000	35300000	gc845-0.44624	#fee491
OX030907.1	35300000	35400000	gc846-0.42602	#fed481
OX030907.1	35400000	35500000	gc847-0.46561	#feeda1
OX030907.1	35500000	35600000	gc848-0.46962	#fff0a6
OX030907.1	35600000	35700000	gc849-0.48163	#fff6b0
OX030907.1	35700000	35800000	gc850-0.45098	#fee695
OX030907.1	35800000	35900000	gc851-0.44169	#fee18d
OX030907.1	35900000	36000000	gc852-0.46434	#feec9f
OX030907.1	36000000	36100000	gc853-0.43284	#feda86
OX030907.1	36100000	36200000	gc854-0.42768	#fed683
OX030907.1	36200000	36300000	gc855-0.4194	#fece7c
OX030907.1	36300000	36400000	gc856-0.44017	#fee08b
OX030907.1	36400000	36500000	gc857-0.45391	#fee797
OX030907.1	36500000	36600000	gc858-0.48888	#fffab6
OX030907.1	36600000	36700000	gc859-0.48409	#fff7b2
OX030907.1	36700000	36800000	gc860-0.45372	#fee797
OX030907.1	36800000	36900000	gc861-0.45831	#feea9b
OX030907.1	36900000	37000000	gc862-0.44496	#fee28f
OX030907.1	37000000	37100000	gc863-0.46627	#feeda1
OX030907.1	37100000	37200000	gc864-0.46733	#feefa3
OX030907.1	37200000	37300000	gc865-0.44602	#fee28f
OX030907.1	37300000	37400000	gc866-0.47709	#fff3ac
OX030907.1	37400000	37500000	gc867-0.45288	#fee695
OX030907.1	37500000	37600000	gc868-0.46229	#feeb9d
OX030907.1	37600000	37700000	gc869-0.4538	#fee797
OX030907.1	37700000	37800000	gc870-0.44497	#fee28f
OX030907.1	37800000	37900000	gc871-0.4116	#fec877
OX030907.1	37900000	38000000	gc872-0.4464	#fee491
OX030907.1	38000000	38100000	gc873-0.47748	#fff3ac
OX030907.1	38100000	38200000	gc874-0.47121	#fff0a6
OX030907.1	38200000	38300000	gc875-0.45081	#fee695
OX030907.1	38300000	38400000	gc876-0.4411	#fee08b
OX030907.1	38400000	38500000	gc877-0.46614	#feeda1
OX030907.1	38500000	38600000	gc878-0.47442	#fff2aa
OX030907.1	38600000	38700000	gc879-0.45391	#fee797
OX030907.1	38700000	38800000	gc880-0.4738	#fff1a8
OX030907.1	38800000	38900000	gc881-0.46074	#feeb9d
OX030907.1	38900000	39000000	gc882-0.44568	#fee28f
OX030907.1	39000000	39100000	gc883-0.42328	#fed27f
OX030907.1	39100000	39200000	gc884-0.43597	#fedc88
OX030907.1	39200000	39300000	gc885-0.43217	#feda86
OX030907.1	39300000	39400000	gc886-0.43375	#feda86
OX030907.1	39400000	39500000	gc887-0.44538	#fee28f
OX030907.1	39500000	39600000	gc888-0.45218	#fee695
OX030907.1	39600000	39700000	gc889-0.4384	#fede89
OX030907.1	39700000	39800000	gc890-0.46833	#feefa3
OX030907.1	39800000	39900000	gc891-0.47715	#fff3ac
OX030907.1	39900000	40000000	gc892-0.47209	#fff1a8
OX030907.1	40000000	40100000	gc893-0.42616	#fed481
OX030907.1	40100000	40200000	gc894-0.43776	#fede89
OX030907.1	40200000	40300000	gc895-0.47638	#fff2aa
OX030907.1	40300000	40400000	gc896-0.46209	#feeb9d
OX030907.1	40400000	40500000	gc897-0.44489	#fee28f
OX030907.1	40500000	40600000	gc898-0.44556	#fee28f
OX030907.1	40600000	40700000	gc899-0.45104	#fee695
OX030907.1	40700000	40800000	gc900-0.43486	#fedc88
OX030907.1	40800000	40900000	gc901-0.4381	#fede89
OX030907.1	40900000	41000000	gc902-0.44151	#fee18d
OX030907.1	41000000	41100000	gc903-0.42873	#fed683
OX030907.1	41100000	41200000	gc904-0.47379	#fff1a8
OX030907.1	41200000	41300000	gc905-0.46906	#feefa3
OX030907.1	41300000	41400000	gc906-0.45412	#fee797
OX030907.1	41400000	41500000	gc907-0.41106	#fec877
OX030907.1	41500000	41600000	gc908-0.4274	#fed683
OX030907.1	41600000	41700000	gc909-0.43923	#fee08b
OX030907.1	41700000	41800000	gc910-0.42314	#fed27f
OX030907.1	41800000	41900000	gc911-0.43106	#fed884
OX030907.1	41900000	42000000	gc912-0.43355	#feda86
OX030907.1	42000000	42100000	gc913-0.47353	#fff1a8
OX030907.1	42100000	42200000	gc914-0.46052	#feeb9d
OX030907.1	42200000	42300000	gc915-0.44639	#fee491
OX030907.1	42300000	42400000	gc916-0.44044	#fee08b
OX030907.1	42400000	42500000	gc917-0.44606	#fee28f
OX030907.1	42500000	42600000	gc918-0.43504	#fedc88
OX030907.1	42600000	42700000	gc919-0.44149	#fee18d
OX030907.1	42700000	42800000	gc920-0.40691	#fdc574
OX030907.1	42800000	42900000	gc921-0.43408	#feda86
OX030907.1	42900000	43000000	gc922-0.46334	#feec9f
OX030907.1	43000000	43100000	gc923-0.47267	#fff1a8
OX030907.1	43100000	43200000	gc924-0.42346	#fed27f
OX030907.1	43200000	43300000	gc925-0.43108	#fed884
OX030907.1	43300000	43400000	gc926-0.44577	#fee28f
OX030907.1	43400000	43500000	gc927-0.45902	#feea9b
OX030907.1	43500000	43600000	gc928-0.41971	#fece7c
OX030907.1	43600000	43700000	gc929-0.44352	#fee18d
OX030907.1	43700000	43800000	gc930-0.46259	#feec9f
OX030907.1	43800000	43900000	gc931-0.41866	#fece7c
OX030907.1	43900000	44000000	gc932-0.45399	#fee797
OX030907.1	44000000	44100000	gc933-0.42057	#fed07e
OX030907.1	44100000	44200000	gc934-0.39985	#fdbf6f
OX030907.1	44200000	44300000	gc935-0.38629	#fdb365
OX030907.1	44300000	44400000	gc936-0.37401	#fca85e
OX030907.1	44400000	44500000	gc937-0.37362	#fca85e
OX030907.1	44500000	44600000	gc938-0.41581	#fecc7b
OX030907.1	44600000	44700000	gc939-0.43044	#fed884
OX030907.1	44700000	44800000	gc940-0.46088	#feeb9d
OX030907.1	44800000	44900000	gc941-0.43979	#fee08b
OX030907.1	44900000	45000000	gc942-0.43223	#feda86
OX030907.1	45000000	45100000	gc943-0.42176	#fed07e
OX030907.1	45100000	45200000	gc944-0.41488	#feca79
OX030907.1	45200000	45300000	gc945-0.45106	#fee695
OX030907.1	45300000	45400000	gc946-0.45654	#fee999
OX030907.1	45400000	45500000	gc947-0.43457	#fedc88
OX030907.1	45500000	45600000	gc948-0.45332	#fee797
OX030907.1	45600000	45700000	gc949-0.4426	#fee18d
OX030907.1	45700000	45800000	gc950-0.44674	#fee491
OX030907.1	45800000	45900000	gc951-0.43151	#fed884
OX030907.1	45900000	46000000	gc952-0.41379	#feca79
OX030907.1	46000000	46100000	gc953-0.4139	#feca79
OX030907.1	46100000	46200000	gc954-0.45897	#feea9b
OX030907.1	46200000	46300000	gc955-0.47126	#fff0a6
OX030907.1	46300000	46400000	gc956-0.4314	#fed884
OX030907.1	46400000	46500000	gc957-0.4448	#fee28f
OX030907.1	46500000	46600000	gc958-0.43572	#fedc88
OX030907.1	46600000	46700000	gc959-0.42658	#fed481
OX030907.1	46700000	46800000	gc960-0.44583	#fee28f
OX030907.1	46800000	46900000	gc961-0.44739	#fee491
OX030907.1	46900000	47000000	gc962-0.45173	#fee695
OX030907.1	47000000	47100000	gc963-0.41262	#fec877
OX030907.1	47100000	47200000	gc964-0.42801	#fed683
OX030907.1	47200000	47300000	gc965-0.44411	#fee28f
OX030907.1	47300000	47400000	gc966-0.45225	#fee695
OX030907.1	47400000	47500000	gc967-0.44633	#fee491
OX030907.1	47500000	47600000	gc968-0.44396	#fee28f
OX030907.1	47600000	47700000	gc969-0.4706	#fff0a6
OX030907.1	47700000	47800000	gc970-0.43663	#fedc88
OX030907.1	47800000	47900000	gc971-0.43563	#fedc88
OX030907.1	47900000	48000000	gc972-0.42271	#fed27f
OX030907.1	48000000	48100000	gc973-0.43316	#feda86
OX030907.1	48100000	48200000	gc974-0.48097	#fff5ae
OX030907.1	48200000	48300000	gc975-0.42171	#fed07e
OX030907.1	48300000	48400000	gc976-0.44145	#fee18d
OX030907.1	48400000	48500000	gc977-0.43826	#fede89
OX030907.1	48500000	48600000	gc978-0.46695	#feeda1
OX030907.1	48600000	48700000	gc979-0.4408	#fee08b
OX030907.1	48700000	48800000	gc980-0.4388	#fede89
OX030907.1	48800000	48900000	gc981-0.43517	#fedc88
OX030907.1	48900000	49000000	gc982-0.45188	#fee695
OX030907.1	49000000	49100000	gc983-0.43212	#feda86
OX030907.1	49100000	49200000	gc984-0.42193	#fed07e
OX030907.1	49200000	49300000	gc985-0.42785	#fed683
OX030907.1	49300000	49400000	gc986-0.44348	#fee18d
OX030907.1	49400000	49500000	gc987-0.48041	#fff5ae
OX030907.1	49500000	49600000	gc988-0.48444	#fff7b2
OX030907.1	49600000	49700000	gc989-0.48239	#fff6b0
OX030907.1	49700000	49800000	gc990-0.44435	#fee28f
OX030907.1	49800000	49900000	gc991-0.45891	#feea9b
OX030907.1	49900000	50000000	gc992-0.47493	#fff2aa
OX030907.1	50000000	50100000	gc993-0.42635	#fed481
OX030907.1	50100000	50200000	gc994-0.44188	#fee18d
OX030907.1	50200000	50300000	gc995-0.44173	#fee18d
OX030907.1	50300000	50400000	gc996-0.4385	#fede89
OX030907.1	50400000	50500000	gc997-0.44463	#fee28f
OX030907.1	50500000	50600000	gc998-0.43721	#fede89
OX030907.1	50600000	50700000	gc999-0.44978	#fee593
OX030907.1	50700000	50800000	gc1000-0.40718	#fdc574
OX030907.1	50800000	50900000	gc1001-0.41662	#fecc7b
OX030907.1	50900000	51000000	gc1002-0.44623	#fee491
OX030907.1	51000000	51100000	gc1003-0.43504	#fedc88
OX030907.1	51100000	51200000	gc1004-0.41407	#feca79
OX030907.1	51200000	51300000	gc1005-0.42853	#fed683
OX030907.1	51300000	51400000	gc1006-0.40622	#fdc372
OX030907.1	51400000	51500000	gc1007-0.4014	#fdbf6f
OX030907.1	51500000	51600000	gc1008-0.45269	#fee695
OX030907.1	51600000	51700000	gc1009-0.44601	#fee28f
OX030907.1	51700000	51800000	gc1010-0.43662	#fedc88
OX030907.1	51800000	51900000	gc1011-0.42656	#fed481
OX030907.1	51900000	52000000	gc1012-0.42853	#fed683
OX030907.1	52000000	52100000	gc1013-0.43906	#fede89
OX030907.1	52100000	52200000	gc1014-0.42838	#fed683
OX030907.1	52200000	52300000	gc1015-0.44952763819095476	#fee593
OX030907.1	52300000	52400000	gc1016-0.44851	#fee593
OX030907.1	52400000	52500000	gc1017-0.43139	#fed884
OX030907.1	52500000	52600000	gc1018-0.42466	#fed27f
OX030907.1	52600000	52700000	gc1019-0.4372	#fede89
OX030907.1	52700000	52800000	gc1020-0.42995	#fed884
OX030907.1	52800000	52900000	gc1021-0.43339	#feda86
OX030907.1	52900000	53000000	gc1022-0.43548	#fedc88
OX030907.1	53000000	53100000	gc1023-0.43322	#feda86
OX030907.1	53100000	53200000	gc1024-0.4263	#fed481
OX030907.1	53200000	53300000	gc1025-0.44814	#fee491
OX030907.1	53300000	53400000	gc1026-0.45093	#fee695
OX030907.1	53400000	53500000	gc1027-0.43419	#feda86
OX030907.1	53500000	53600000	gc1028-0.44676	#fee491
OX030907.1	53600000	53700000	gc1029-0.41674	#fecc7b
OX030907.1	53700000	53800000	gc1030-0.43232	#feda86
OX030907.1	53800000	53900000	gc1031-0.45592	#fee999
OX030907.1	53900000	54000000	gc1032-0.42304	#fed27f
OX030907.1	54000000	54100000	gc1033-0.41928	#fece7c
OX030907.1	54100000	54200000	gc1034-0.4177	#fecc7b
OX030907.1	54200000	54300000	gc1035-0.42897	#fed683
OX030907.1	54300000	54400000	gc1036-0.43447	#fedc88
OX030907.1	54400000	54500000	gc1037-0.42775	#fed683
OX030907.1	54500000	54600000	gc1038-0.40419	#fdc372
OX030907.1	54600000	54700000	gc1039-0.42648	#fed481
OX030907.1	54700000	54800000	gc1040-0.40289	#fdc171
OX030907.1	54800000	54900000	gc1041-0.40905	#fdc776
OX030907.1	54900000	55000000	gc1042-0.42355	#fed27f
OX030907.1	55000000	55100000	gc1043-0.42366	#fed27f
OX030907.1	55100000	55200000	gc1044-0.41192	#fec877
OX030907.1	55200000	55300000	gc1045-0.44989	#fee593
OX030907.1	55300000	55400000	gc1046-0.42944	#fed683
OX030907.1	55400000	55500000	gc1047-0.41409	#feca79
OX030907.1	55500000	55600000	gc1048-0.42443	#fed27f
OX030907.1	55600000	55700000	gc1049-0.42873	#fed683
OX030907.1	55700000	55800000	gc1050-0.40409	#fdc372
OX030907.1	55800000	55900000	gc1051-0.43164	#fed884
OX030907.1	55900000	56000000	gc1052-0.39904	#fdbd6d
OX030907.1	56000000	56100000	gc1053-0.39947	#fdbf6f
OX030907.1	56100000	56200000	gc1054-0.38564	#fdb365
OX030907.1	56200000	56300000	gc1055-0.3974	#fdbd6d
OX030907.1	56300000	56400000	gc1056-0.41474	#feca79
OX030907.1	56400000	56500000	gc1057-0.4033	#fdc171
OX030907.1	56500000	56600000	gc1058-0.3774	#fcaa5f
OX030907.1	56600000	56700000	gc1059-0.40063	#fdbf6f
OX030907.1	56700000	56800000	gc1060-0.40134	#fdbf6f
OX030907.1	56800000	56900000	gc1061-0.38662	#fdb365
OX030907.1	56900000	57000000	gc1062-0.40132	#fdbf6f
OX030907.1	57000000	57100000	gc1063-0.39095	#fdb768
OX030907.1	57100000	57200000	gc1064-0.39364	#fdb96a
OX030907.1	57200000	57300000	gc1065-0.42197	#fed07e
OX030907.1	57300000	57400000	gc1066-0.40777	#fdc574
OX030907.1	57400000	57500000	gc1067-0.42924	#fed683
OX030907.1	57500000	57600000	gc1068-0.37092	#fba35c
OX030907.1	57600000	57700000	gc1069-0.38417	#fdb163
OX030907.1	57700000	57800000	gc1070-0.41424	#feca79
OX030907.1	57800000	57900000	gc1071-0.34562	#f88950
OX030907.1	57900000	58000000	gc1072-0.33247	#f67a49
OX030907.1	58000000	58100000	gc1073-0.36304	#fa9b58
OX030907.1	58100000	58200000	gc1074-0.35411	#f99153
OX030907.1	58200000	58300000	gc1075-0.32583	#f57245
OX030907.1	58300000	58400000	gc1076-0.33366	#f67c4a
OX030907.1	58400000	58500000	gc1077-0.34664	#f88950
OX030907.1	58500000	58600000	gc1078-0.4089	#fdc776
OX030907.1	58600000	58700000	gc1079-0.39859	#fdbd6d
OX030907.1	58700000	58800000	gc1080-0.41572	#fecc7b
OX030907.1	58800000	58900000	gc1081-0.40216	#fdc171
OX030907.1	58900000	59000000	gc1082-0.43206	#feda86
OX030907.1	59000000	59100000	gc1083-0.43525	#fedc88
OX030907.1	59100000	59200000	gc1084-0.41926	#fece7c
OX030907.1	59200000	59300000	gc1085-0.43162	#fed884
OX030907.1	59300000	59400000	gc1086-0.40855	#fdc574
OX030907.1	59400000	59500000	gc1087-0.42421	#fed27f
OX030907.1	59500000	59600000	gc1088-0.42896	#fed683
OX030907.1	59600000	59700000	gc1089-0.41618	#fecc7b
OX030907.1	59700000	59800000	gc1090-0.44116	#fee08b
OX030907.1	59800000	59900000	gc1091-0.42091	#fed07e
OX030907.1	59900000	60000000	gc1092-0.40851	#fdc574
OX030907.1	60000000	60100000	gc1093-0.42702	#fed481
OX030907.1	60100000	60200000	gc1094-0.43769	#fede89
OX030907.1	60200000	60300000	gc1095-0.40552	#fdc372
OX030907.1	60300000	60400000	gc1096-0.41902	#fece7c
OX030907.1	60400000	60500000	gc1097-0.39772	#fdbd6d
OX030907.1	60500000	60600000	gc1098-0.41833	#fece7c
OX030907.1	60600000	60700000	gc1099-0.40784	#fdc574
OX030907.1	60700000	60800000	gc1100-0.42932	#fed683
OX030907.1	60800000	60900000	gc1101-0.41807	#fece7c
OX030907.1	60900000	61000000	gc1102-0.38838	#fdb567
OX030907.1	61000000	61100000	gc1103-0.37732	#fcaa5f
OX030907.1	61100000	61200000	gc1104-0.47429	#fff2aa
OX030907.1	61200000	61300000	gc1105-0.45941	#feea9b
OX030907.1	61300000	61400000	gc1106-0.46612	#feeda1
OX030907.1	61400000	61500000	gc1107-0.47421	#fff1a8
OX030907.1	61500000	61600000	gc1108-0.40061306532663316	#fdbf6f
OX030907.1	61600000	61700000	gc1109-0.38617	#fdb365
OX030907.1	61700000	61800000	gc1110-0.36195	#fa9b58
OX030907.1	61800000	61900000	gc1111-0.41983	#fece7c
OX030907.1	61900000	62000000	gc1112-0.43129	#fed884
OX030907.1	62000000	62100000	gc1113-0.44037	#fee08b
OX030907.1	62100000	62200000	gc1114-0.45015	#fee593
OX030907.1	62200000	62300000	gc1115-0.43339	#feda86
OX030907.1	62300000	62400000	gc1116-0.44971	#fee593
OX030907.1	62400000	62500000	gc1117-0.44748	#fee491
OX030907.1	62500000	62600000	gc1118-0.44653	#fee491
OX030907.1	62600000	62700000	gc1119-0.44402	#fee28f
OX030907.1	62700000	62800000	gc1120-0.45236	#fee695
OX030907.1	62800000	62900000	gc1121-0.43645	#fedc88
OX030907.1	62900000	63000000	gc1122-0.40086	#fdbf6f
OX030907.1	63000000	63100000	gc1123-0.4263	#fed481
OX030907.1	63100000	63200000	gc1124-0.43655	#fedc88
OX030907.1	63200000	63300000	gc1125-0.42279	#fed27f
OX030907.1	63300000	63400000	gc1126-0.39977	#fdbf6f
OX030907.1	63400000	63500000	gc1127-0.43386	#feda86
OX030907.1	63500000	63600000	gc1128-0.45249	#fee695
OX030907.1	63600000	63700000	gc1129-0.40967	#fdc776
OX030907.1	63700000	63800000	gc1130-0.43275	#feda86
OX030907.1	63800000	63900000	gc1131-0.42712	#fed481
OX030907.1	63900000	64000000	gc1132-0.40374	#fdc171
OX030907.1	64000000	64100000	gc1133-0.42807	#fed683
OX030907.1	64100000	64200000	gc1134-0.42582	#fed481
OX030907.1	64200000	64300000	gc1135-0.41296	#fec877
OX030907.1	64300000	64400000	gc1136-0.42427	#fed27f
OX030907.1	64400000	64500000	gc1137-0.42079	#fed07e
OX030907.1	64500000	64600000	gc1138-0.41004	#fdc776
OX030907.1	64600000	64700000	gc1139-0.41285	#fec877
OX030907.1	64700000	64800000	gc1140-0.40788	#fdc574
OX030907.1	64800000	64900000	gc1141-0.40993	#fdc776
OX030907.1	64900000	65000000	gc1142-0.41196	#fec877
OX030907.1	65000000	65100000	gc1143-0.39409	#fdb96a
OX030907.1	65100000	65200000	gc1144-0.4157	#fecc7b
OX030907.1	65200000	65300000	gc1145-0.37642	#fcaa5f
OX030907.1	65300000	65400000	gc1146-0.38859	#fdb567
OX030907.1	65400000	65500000	gc1147-0.4216	#fed07e
OX030907.1	65500000	65600000	gc1148-0.40252	#fdc171
OX030907.1	65600000	65700000	gc1149-0.3961	#fdbb6c
OX030907.1	65700000	65800000	gc1150-0.38136	#fdaf62
OX030907.1	65800000	65900000	gc1151-0.39903	#fdbd6d
OX030907.1	65900000	66000000	gc1152-0.4128	#fec877
OX030907.1	66000000	66100000	gc1153-0.37081	#fba35c
OX030907.1	66100000	66200000	gc1154-0.39548	#fdbb6c
OX030907.1	66200000	66300000	gc1155-0.39127	#fdb768
OX030907.1	66300000	66400000	gc1156-0.376	#fcaa5f
OX030907.1	66400000	66500000	gc1157-0.38089	#fdaf62
OX030907.1	66500000	66600000	gc1158-0.39658	#fdbb6c
OX030907.1	66600000	66700000	gc1159-0.40268	#fdc171
OX030907.1	66700000	66800000	gc1160-0.40093	#fdbf6f
OX030907.1	66800000	66900000	gc1161-0.41373	#feca79
OX030907.1	66900000	67000000	gc1162-0.39586	#fdbb6c
OX030907.1	67000000	67100000	gc1163-0.41862	#fece7c
OX030907.1	67100000	67200000	gc1164-0.39879	#fdbd6d
OX030907.1	67200000	67300000	gc1165-0.3974	#fdbd6d
OX030907.1	67300000	67400000	gc1166-0.41553	#feca79
OX030907.1	67400000	67500000	gc1167-0.42244	#fed07e
OX030907.1	67500000	67600000	gc1168-0.43125	#fed884
OX030907.1	67600000	67700000	gc1169-0.40485	#fdc372
OX030907.1	67700000	67800000	gc1170-0.40983	#fdc776
OX030907.1	67800000	67900000	gc1171-0.41552	#feca79
OX030907.1	67900000	68000000	gc1172-0.4189	#fece7c
OX030907.1	68000000	68100000	gc1173-0.39287	#fdb96a
OX030907.1	68100000	68200000	gc1174-0.41615	#fecc7b
OX030907.1	68200000	68300000	gc1175-0.41107	#fec877
OX030907.1	68300000	68400000	gc1176-0.38309	#fdb163
OX030907.1	68400000	68500000	gc1177-0.37218	#fca55d
OX030907.1	68500000	68600000	gc1178-0.39654	#fdbb6c
OX030907.1	68600000	68700000	gc1179-0.42324	#fed27f
OX030907.1	68700000	68800000	gc1180-0.42866	#fed683
OX030907.1	68800000	68900000	gc1181-0.42388	#fed27f
OX030907.1	68900000	69000000	gc1182-0.4114	#fec877
OX030907.1	69000000	69100000	gc1183-0.43204	#feda86
OX030907.1	69100000	69200000	gc1184-0.4216	#fed07e
OX030907.1	69200000	69300000	gc1185-0.41792	#fecc7b
OX030907.1	69300000	69400000	gc1186-0.38938	#fdb567
OX030907.1	69400000	69500000	gc1187-0.4148	#feca79
OX030907.1	69500000	69600000	gc1188-0.40024	#fdbf6f
OX030907.1	69600000	69700000	gc1189-0.41021	#fdc776
OX030907.1	69700000	69800000	gc1190-0.42223	#fed07e
OX030907.1	69800000	69900000	gc1191-0.43768	#fede89
OX030907.1	69900000	70000000	gc1192-0.41423	#feca79
OX030907.1	70000000	70100000	gc1193-0.43052	#fed884
OX030907.1	70100000	70200000	gc1194-0.39561	#fdbb6c
OX030907.1	70200000	70300000	gc1195-0.4054509018036072	#fdc372
OX030907.1	70300000	70400000	gc1196-0.4309	#fed884
OX030907.1	70400000	70500000	gc1197-0.40327	#fdc171
OX030907.1	70500000	70600000	gc1198-0.42768	#fed683
OX030907.1	70600000	70700000	gc1199-0.41428	#feca79
OX030907.1	70700000	70800000	gc1200-0.41331	#feca79
OX030907.1	70800000	70900000	gc1201-0.40217	#fdc171
OX030907.1	70900000	71000000	gc1202-0.41782	#fecc7b
OX030907.1	71000000	71100000	gc1203-0.40946	#fdc776
OX030907.1	71100000	71200000	gc1204-0.40621	#fdc372
OX030907.1	71200000	71300000	gc1205-0.44304	#fee18d
OX030907.1	71300000	71400000	gc1206-0.42329	#fed27f
OX030907.1	71400000	71500000	gc1207-0.41275	#fec877
OX030907.1	71500000	71600000	gc1208-0.41875	#fece7c
OX030907.1	71600000	71700000	gc1209-0.39493	#fdbb6c
OX030907.1	71700000	71800000	gc1210-0.41326	#fec877
OX030907.1	71800000	71900000	gc1211-0.41017	#fdc776
OX030907.1	71900000	72000000	gc1212-0.41539	#feca79
OX030907.1	72000000	72100000	gc1213-0.42118	#fed07e
OX030907.1	72100000	72200000	gc1214-0.39784	#fdbd6d
OX030907.1	72200000	72300000	gc1215-0.41765	#fecc7b
OX030907.1	72300000	72400000	gc1216-0.42046	#fed07e
OX030907.1	72400000	72500000	gc1217-0.40863	#fdc776
OX030907.1	72500000	72600000	gc1218-0.42543	#fed481
OX030907.1	72600000	72700000	gc1219-0.40927	#fdc776
OX030907.1	72700000	72800000	gc1220-0.41867	#fece7c
OX030907.1	72800000	72900000	gc1221-0.42127	#fed07e
OX030907.1	72900000	73000000	gc1222-0.41167	#fec877
OX030907.1	73000000	73100000	gc1223-0.41256513026052105	#fec877
OX030907.1	73100000	73200000	gc1224-0.41686	#fecc7b
OX030907.1	73200000	73300000	gc1225-0.41391	#feca79
OX030907.1	73300000	73400000	gc1226-0.41223	#fec877
OX030907.1	73400000	73500000	gc1227-0.39406	#fdb96a
OX030907.1	73500000	73600000	gc1228-0.42783	#fed683
OX030907.1	73600000	73700000	gc1229-0.40508	#fdc372
OX030907.1	73700000	73800000	gc1230-0.40571	#fdc372
OX030907.1	73800000	73900000	gc1231-0.4202	#fece7c
OX030907.1	73900000	74000000	gc1232-0.39778	#fdbd6d
OX030907.1	74000000	74100000	gc1233-0.3819	#fdaf62
OX030907.1	74100000	74200000	gc1234-0.39272	#fdb96a
OX030907.1	74200000	74300000	gc1235-0.39452	#fdb96a
OX030907.1	74300000	74400000	gc1236-0.4205	#fed07e
OX030907.1	74400000	74500000	gc1237-0.40073	#fdbf6f
OX030907.1	74500000	74600000	gc1238-0.38697	#fdb365
OX030907.1	74600000	74700000	gc1239-0.41477	#feca79
OX030907.1	74700000	74800000	gc1240-0.44109	#fee08b
OX030907.1	74800000	74900000	gc1241-0.40917	#fdc776
OX030907.1	74900000	75000000	gc1242-0.40654	#fdc574
OX030907.1	75000000	75100000	gc1243-0.42087	#fed07e
OX030907.1	75100000	75200000	gc1244-0.39922	#fdbf6f
OX030907.1	75200000	75300000	gc1245-0.41168	#fec877
OX030907.1	75300000	75400000	gc1246-0.41676	#fecc7b
OX030907.1	75400000	75500000	gc1247-0.44701	#fee491
OX030907.1	75500000	75600000	gc1248-0.37928	#fdad60
OX030907.1	75600000	75700000	gc1249-0.42582	#fed481
OX030907.1	75700000	75800000	gc1250-0.43086	#fed884
OX030907.1	75800000	75900000	gc1251-0.40677	#fdc574
OX030907.1	75900000	76000000	gc1252-0.42882	#fed683
OX030907.1	76000000	76100000	gc1253-0.45423	#fee797
OX030907.1	76100000	76200000	gc1254-0.413	#fec877
OX030907.1	76200000	76300000	gc1255-0.42693	#fed481
OX030907.1	76300000	76400000	gc1256-0.44702	#fee491
OX030907.1	76400000	76500000	gc1257-0.44236	#fee18d
OX030907.1	76500000	76600000	gc1258-0.43223	#feda86
OX030907.1	76600000	76700000	gc1259-0.41709	#fecc7b
OX030907.1	76700000	76800000	gc1260-0.40883	#fdc776
OX030907.1	76800000	76900000	gc1261-0.42676	#fed481
OX030907.1	76900000	77000000	gc1262-0.44571	#fee28f
OX030907.1	77000000	77100000	gc1263-0.45685	#fee999
OX030907.1	77100000	77200000	gc1264-0.44187	#fee18d
OX030907.1	77200000	77300000	gc1265-0.42134	#fed07e
OX030907.1	77300000	77400000	gc1266-0.41197	#fec877
OX030907.1	77400000	77500000	gc1267-0.41707	#fecc7b
OX030907.1	77500000	77600000	gc1268-0.41985	#fece7c
OX030907.1	77600000	77700000	gc1269-0.46344	#feec9f
OX030907.1	77700000	77800000	gc1270-0.42712	#fed481
OX030907.1	77800000	77900000	gc1271-0.43887	#fede89
OX030907.1	77900000	78000000	gc1272-0.40457	#fdc372
OX030907.1	78000000	78100000	gc1273-0.40122	#fdbf6f
OX030907.1	78100000	78200000	gc1274-0.4099	#fdc776
OX030907.1	78200000	78300000	gc1275-0.39508	#fdbb6c
OX030907.1	78300000	78400000	gc1276-0.38787	#fdb567
OX030907.1	78400000	78500000	gc1277-0.41785	#fecc7b
OX030907.1	78500000	78600000	gc1278-0.4142	#feca79
OX030907.1	78600000	78700000	gc1279-0.43285	#feda86
OX030907.1	78700000	78800000	gc1280-0.43707	#fede89
OX030907.1	78800000	78900000	gc1281-0.41769	#fecc7b
OX030907.1	78900000	79000000	gc1282-0.41864	#fece7c
OX030907.1	79000000	79100000	gc1283-0.41021	#fdc776
OX030907.1	79100000	79200000	gc1284-0.43598	#fedc88
OX030907.1	79200000	79300000	gc1285-0.43943	#fee08b
OX030907.1	79300000	79400000	gc1286-0.41798	#fece7c
OX030907.1	79400000	79500000	gc1287-0.42402	#fed27f
OX030907.1	79500000	79600000	gc1288-0.43934	#fee08b
OX030907.1	79600000	79700000	gc1289-0.42269	#fed27f
OX030907.1	79700000	79800000	gc1290-0.44652	#fee491
OX030907.1	79800000	79900000	gc1291-0.41483	#feca79
OX030907.1	79900000	80000000	gc1292-0.42109	#fed07e
OX030907.1	80000000	80100000	gc1293-0.41253	#fec877
OX030907.1	80100000	80200000	gc1294-0.42403	#fed27f
OX030907.1	80200000	80300000	gc1295-0.44071	#fee08b
OX030907.1	80300000	80400000	gc1296-0.42087	#fed07e
OX030907.1	80400000	80500000	gc1297-0.41488	#feca79
OX030907.1	80500000	80600000	gc1298-0.4085	#fdc574
OX030907.1	80600000	80700000	gc1299-0.41663	#fecc7b
OX030907.1	80700000	80800000	gc1300-0.46536	#feeda1
OX030907.1	80800000	80900000	gc1301-0.43658	#fedc88
OX030907.1	80900000	81000000	gc1302-0.41188	#fec877
OX030907.1	81000000	81100000	gc1303-0.45521	#fee797
OX030907.1	81100000	81200000	gc1304-0.41163	#fec877
OX030907.1	81200000	81300000	gc1305-0.43968	#fee08b
OX030907.1	81300000	81400000	gc1306-0.43654	#fedc88
OX030907.1	81400000	81500000	gc1307-0.4337	#feda86
OX030907.1	81500000	81600000	gc1308-0.42738	#fed683
OX030907.1	81600000	81700000	gc1309-0.43287	#feda86
OX030907.1	81700000	81800000	gc1310-0.44587	#fee28f
OX030907.1	81800000	81900000	gc1311-0.40137	#fdbf6f
OX030907.1	81900000	82000000	gc1312-0.41601	#fecc7b
OX030907.1	82000000	82100000	gc1313-0.41749	#fecc7b
OX030907.1	82100000	82200000	gc1314-0.42704	#fed481
OX030907.1	82200000	82300000	gc1315-0.43919	#fee08b
OX030907.1	82300000	82400000	gc1316-0.422	#fed07e
OX030907.1	82400000	82500000	gc1317-0.44451	#fee28f
OX030907.1	82500000	82600000	gc1318-0.47642	#fff2aa
OX030907.1	82600000	82700000	gc1319-0.45467	#fee797
OX030907.1	82700000	82800000	gc1320-0.46047	#feeb9d
OX030907.1	82800000	82900000	gc1321-0.45243	#fee695
OX030907.1	82900000	83000000	gc1322-0.43131	#fed884
OX030907.1	83000000	83100000	gc1323-0.41725	#fecc7b
OX030907.1	83100000	83200000	gc1324-0.43606	#fedc88
OX030907.1	83200000	83300000	gc1325-0.44518	#fee28f
OX030907.1	83300000	83400000	gc1326-0.44017	#fee08b
OX030907.1	83400000	83500000	gc1327-0.40674	#fdc574
OX030907.1	83500000	83600000	gc1328-0.4356	#fedc88
OX030907.1	83600000	83700000	gc1329-0.4476	#fee491
OX030907.1	83700000	83800000	gc1330-0.42677	#fed481
OX030907.1	83800000	83900000	gc1331-0.44263	#fee18d
OX030907.1	83900000	84000000	gc1332-0.44238	#fee18d
OX030907.1	84000000	84100000	gc1333-0.44669	#fee491
OX030907.1	84100000	84200000	gc1334-0.4557	#fee999
OX030907.1	84200000	84300000	gc1335-0.4497	#fee593
OX030907.1	84300000	84400000	gc1336-0.46135	#feeb9d
OX030907.1	84400000	84500000	gc1337-0.46687	#feeda1
OX030907.1	84500000	84600000	gc1338-0.44784	#fee491
OX030907.1	84600000	84700000	gc1339-0.42739	#fed683
OX030907.1	84700000	84800000	gc1340-0.43305	#feda86
OX030907.1	84800000	84900000	gc1341-0.42982	#fed884
OX030907.1	84900000	85000000	gc1342-0.4832	#fff6b0
OX030907.1	85000000	85100000	gc1343-0.4601	#feea9b
OX030907.1	85100000	85200000	gc1344-0.44289	#fee18d
OX030907.1	85200000	85300000	gc1345-0.42837	#fed683
OX030907.1	85300000	85400000	gc1346-0.42896	#fed683
OX030907.1	85400000	85500000	gc1347-0.43832	#fede89
OX030907.1	85500000	85600000	gc1348-0.49045	#fffab6
OX030907.1	85600000	85700000	gc1349-0.44445	#fee28f
OX030907.1	85700000	85800000	gc1350-0.45715	#fee999
OX030907.1	85800000	85900000	gc1351-0.45574	#fee999
OX030907.1	85900000	86000000	gc1352-0.46716	#feeda1
OX030907.1	86000000	86100000	gc1353-0.46716	#feeda1
OX030907.1	86100000	86200000	gc1354-0.45063	#fee593
OX030907.1	86200000	86300000	gc1355-0.481	#fff5ae
OX030907.1	86300000	86400000	gc1356-0.4259	#fed481
OX030907.1	86400000	86500000	gc1357-0.43254	#feda86
OX030907.1	86500000	86600000	gc1358-0.42727	#fed481
OX030907.1	86600000	86700000	gc1359-0.4255	#fed481
OX030907.1	86700000	86800000	gc1360-0.4527	#fee695
OX030907.1	86800000	86900000	gc1361-0.4669	#feeda1
OX030907.1	86900000	87000000	gc1362-0.4825	#fff6b0
OX030907.1	87000000	87100000	gc1363-0.44959	#fee593
OX030907.1	87100000	87200000	gc1364-0.45944	#feea9b
OX030907.1	87200000	87300000	gc1365-0.45906	#feea9b
OX030907.1	87300000	87400000	gc1366-0.44429	#fee28f
OX030907.1	87400000	87500000	gc1367-0.44603	#fee28f
OX030907.1	87500000	87600000	gc1368-0.44074	#fee08b
OX030907.1	87600000	87700000	gc1369-0.43374	#feda86
OX030907.1	87700000	87800000	gc1370-0.41876	#fece7c
OX030907.1	87800000	87900000	gc1371-0.44279	#fee18d
OX030907.1	87900000	88000000	gc1372-0.43801	#fede89
OX030907.1	88000000	88100000	gc1373-0.4286	#fed683
OX030907.1	88100000	88200000	gc1374-0.45214	#fee695
OX030907.1	88200000	88300000	gc1375-0.41892	#fece7c
OX030907.1	88300000	88400000	gc1376-0.4346	#fedc88
OX030907.1	88400000	88500000	gc1377-0.43908	#fee08b
OX030907.1	88500000	88600000	gc1378-0.44314	#fee18d
OX030907.1	88600000	88700000	gc1379-0.4309	#fed884
OX030907.1	88700000	88800000	gc1380-0.4341	#feda86
OX030907.1	88800000	88900000	gc1381-0.45042	#fee593
OX030907.1	88900000	89000000	gc1382-0.45176	#fee695
OX030907.1	89000000	89100000	gc1383-0.481	#fff5ae
OX030907.1	89100000	89200000	gc1384-0.45103	#fee695
OX030907.1	89200000	89300000	gc1385-0.44313	#fee18d
OX030907.1	89300000	89400000	gc1386-0.46103	#feeb9d
OX030907.1	89400000	89500000	gc1387-0.45484	#fee797
OX030907.1	89500000	89600000	gc1388-0.46023	#feeb9d
OX030907.1	89600000	89700000	gc1389-0.4432	#fee18d
OX030907.1	89700000	89800000	gc1390-0.43319	#feda86
OX030907.1	89800000	89900000	gc1391-0.45806	#feea9b
OX030907.1	89900000	90000000	gc1392-0.45485	#fee797
OX030907.1	90000000	90100000	gc1393-0.46246	#feeb9d
OX030907.1	90100000	90200000	gc1394-0.46483	#feec9f
OX030907.1	90200000	90300000	gc1395-0.44293	#fee18d
OX030907.1	90300000	90400000	gc1396-0.44796	#fee491
OX030907.1	90400000	90500000	gc1397-0.44576	#fee28f
OX030907.1	90500000	90600000	gc1398-0.45603	#fee999
OX030907.1	90600000	90700000	gc1399-0.43742	#fede89
OX030907.1	90700000	90800000	gc1400-0.457	#fee999
OX030907.1	90800000	90900000	gc1401-0.44665	#fee491
OX030907.1	90900000	91000000	gc1402-0.45389	#fee797
OX030907.1	91000000	91100000	gc1403-0.46319	#feec9f
OX030907.1	91100000	91200000	gc1404-0.46731	#feefa3
OX030907.1	91200000	91300000	gc1405-0.43732	#fede89
OX030907.1	91300000	91400000	gc1406-0.45512	#fee797
OX030907.1	91400000	91500000	gc1407-0.4545	#fee797
OX030907.1	91500000	91600000	gc1408-0.47063	#fff0a6
OX030907.1	91600000	91700000	gc1409-0.44011	#fee08b
OX030907.1	91700000	91800000	gc1410-0.45408	#fee797
OX030907.1	91800000	91900000	gc1411-0.45728	#fee999
OX030907.1	91900000	92000000	gc1412-0.46669	#feeda1
OX030907.1	92000000	92100000	gc1413-0.46837	#feefa3
OX030907.1	92100000	92200000	gc1414-0.46932	#feefa3
OX030907.1	92200000	92300000	gc1415-0.46446	#feec9f
OX030907.1	92300000	92400000	gc1416-0.46185	#feeb9d
OX030907.1	92400000	92500000	gc1417-0.47266	#fff1a8
OX030907.1	92500000	92600000	gc1418-0.48676	#fff8b4
OX030907.1	92600000	92700000	gc1419-0.46242	#feeb9d
OX030907.1	92700000	92800000	gc1420-0.4769	#fff3ac
OX030907.1	92800000	92900000	gc1421-0.47114	#fff0a6
OX030907.1	92900000	93000000	gc1422-0.49106	#fffbb8
OX030907.1	93000000	93100000	gc1423-0.46238	#feeb9d
OX030907.1	93100000	93200000	gc1424-0.46752	#feefa3
OX030907.1	93200000	93300000	gc1425-0.46514	#feeda1
OX030907.1	93300000	93400000	gc1426-0.46475	#feec9f
OX030907.1	93400000	93500000	gc1427-0.47519	#fff2aa
OX030907.1	93500000	93600000	gc1428-0.4506	#fee593
OX030907.1	93600000	93700000	gc1429-0.45188	#fee695
OX030907.1	93700000	93800000	gc1430-0.44383	#fee28f
OX030907.1	93800000	93900000	gc1431-0.45854	#feea9b
OX030907.1	93900000	94000000	gc1432-0.45122	#fee695
OX030907.1	94000000	94100000	gc1433-0.42728	#fed481
OX030907.1	94100000	94200000	gc1434-0.4204	#fed07e
OX030907.1	94200000	94300000	gc1435-0.44079	#fee08b
OX030907.1	94300000	94400000	gc1436-0.4573	#fee999
OX030907.1	94400000	94500000	gc1437-0.48448	#fff7b2
OX030907.1	94500000	94600000	gc1438-0.49467	#fffcba
OX030907.1	94600000	94700000	gc1439-0.45918	#feea9b
OX030907.1	94700000	94800000	gc1440-0.45113	#fee695
OX030907.1	94800000	94900000	gc1441-0.47786	#fff3ac
OX030907.1	94900000	95000000	gc1442-0.47068	#fff0a6
OX030907.1	95000000	95100000	gc1443-0.44124	#fee08b
OX030907.1	95100000	95200000	gc1444-0.45644	#fee999
OX030907.1	95200000	95300000	gc1445-0.45459	#fee797
OX030907.1	95300000	95400000	gc1446-0.44895	#fee593
OX030907.1	95400000	95500000	gc1447-0.43727	#fede89
OX030907.1	95500000	95600000	gc1448-0.46126	#feeb9d
OX030907.1	95600000	95700000	gc1449-0.47529	#fff2aa
OX030907.1	95700000	95800000	gc1450-0.46598	#feeda1
OX030907.1	95800000	95900000	gc1451-0.48338	#fff6b0
OX030907.1	95900000	96000000	gc1452-0.47773	#fff3ac
OX030907.1	96000000	96100000	gc1453-0.47459	#fff2aa
OX030907.1	96100000	96200000	gc1454-0.44579	#fee28f
OX030907.1	96200000	96300000	gc1455-0.4432	#fee18d
OX030907.1	96300000	96400000	gc1456-0.47535	#fff2aa
OX030907.1	96400000	96500000	gc1457-0.46531	#feeda1
OX030907.1	96500000	96600000	gc1458-0.45802	#feea9b
OX030907.1	96600000	96700000	gc1459-0.46753	#feefa3
OX030907.1	96700000	96800000	gc1460-0.4483	#fee491
OX030907.1	96800000	96900000	gc1461-0.46588	#feeda1
OX030907.1	96900000	97000000	gc1462-0.45769	#fee999
OX030907.1	97000000	97100000	gc1463-0.45331	#fee797
OX030907.1	97100000	97200000	gc1464-0.438687374749499	#fede89
OX030907.1	97200000	97300000	gc1465-0.43075	#fed884
OX030907.1	97300000	97400000	gc1466-0.43786	#fede89
OX030907.1	97400000	97500000	gc1467-0.47737	#fff3ac
OX030907.1	97500000	97600000	gc1468-0.45996	#feea9b
OX030907.1	97600000	97700000	gc1469-0.44387	#fee28f
OX030907.1	97700000	97800000	gc1470-0.44264	#fee18d
OX030907.1	97800000	97900000	gc1471-0.46115	#feeb9d
OX030907.1	97900000	98000000	gc1472-0.42647	#fed481
OX030907.1	98000000	98100000	gc1473-0.43841	#fede89
OX030907.1	98100000	98200000	gc1474-0.43176	#fed884
OX030907.1	98200000	98300000	gc1475-0.4243	#fed27f
OX030907.1	98300000	98400000	gc1476-0.44806	#fee491
OX030907.1	98400000	98500000	gc1477-0.44622	#fee491
OX030907.1	98500000	98600000	gc1478-0.44168	#fee18d
OX030907.1	98600000	98700000	gc1479-0.43595	#fedc88
OX030907.1	98700000	98800000	gc1480-0.44434	#fee28f
OX030907.1	98800000	98900000	gc1481-0.4372745490981964	#fede89
OX030907.1	98900000	99000000	gc1482-0.45702	#fee999
OX030907.1	99000000	99100000	gc1483-0.42979	#fed884
OX030907.1	99100000	99200000	gc1484-0.43488	#fedc88
OX030907.1	99200000	99300000	gc1485-0.4372	#fede89
OX030907.1	99300000	99400000	gc1486-0.47316	#fff1a8
OX030907.1	99400000	99500000	gc1487-0.44888	#fee593
OX030907.1	99500000	99600000	gc1488-0.4514	#fee695
OX030907.1	99600000	99700000	gc1489-0.45945	#feea9b
OX030907.1	99700000	99800000	gc1490-0.4513	#fee695
OX030907.1	99800000	99900000	gc1491-0.46761	#feefa3
OX030907.1	99900000	100000000	gc1492-0.45017	#fee593
OX030907.1	100000000	100100000	gc1493-0.43286	#feda86
OX030907.1	100100000	100200000	gc1494-0.44436	#fee28f
OX030907.1	100200000	100300000	gc1495-0.41992	#fece7c
OX030907.1	100300000	100400000	gc1496-0.41555	#feca79
OX030907.1	100400000	100500000	gc1497-0.43565	#fedc88
OX030907.1	100500000	100600000	gc1498-0.44228	#fee18d
OX030907.1	100600000	100700000	gc1499-0.44667	#fee491
OX030907.1	100700000	100800000	gc1500-0.48447	#fff7b2
OX030907.1	100800000	100900000	gc1501-0.44666	#fee491
OX030907.1	100900000	101000000	gc1502-0.43168	#fed884
OX030907.1	101000000	101100000	gc1503-0.44946	#fee593
OX030907.1	101100000	101200000	gc1504-0.44138	#fee08b
OX030907.1	101200000	101300000	gc1505-0.44519	#fee28f
OX030907.1	101300000	101400000	gc1506-0.46313	#feec9f
OX030907.1	101400000	101500000	gc1507-0.45175	#fee695
OX030907.1	101500000	101600000	gc1508-0.44704	#fee491
OX030907.1	101600000	101700000	gc1509-0.44499	#fee28f
OX030907.1	101700000	101800000	gc1510-0.45289	#fee695
OX030907.1	101800000	101900000	gc1511-0.43114	#fed884
OX030907.1	101900000	102000000	gc1512-0.4366	#fedc88
OX030907.1	102000000	102100000	gc1513-0.44445	#fee28f
OX030907.1	102100000	102200000	gc1514-0.44273	#fee18d
OX030907.1	102200000	102300000	gc1515-0.43542	#fedc88
OX030907.1	102300000	102400000	gc1516-0.4415	#fee18d
OX030907.1	102400000	102500000	gc1517-0.44093	#fee08b
OX030907.1	102500000	102600000	gc1518-0.44637	#fee491
OX030907.1	102600000	102700000	gc1519-0.46707	#feeda1
OX030907.1	102700000	102800000	gc1520-0.47972	#fff5ae
OX030907.1	102800000	102900000	gc1521-0.44209	#fee18d
OX030907.1	102900000	103000000	gc1522-0.43849	#fede89
OX030907.1	103000000	103100000	gc1523-0.45191	#fee695
OX030907.1	103100000	103200000	gc1524-0.45898	#feea9b
OX030907.1	103200000	103300000	gc1525-0.45628	#fee999
OX030907.1	103300000	103400000	gc1526-0.44673	#fee491
OX030907.1	103400000	103500000	gc1527-0.47321	#fff1a8
OX030907.1	103500000	103600000	gc1528-0.48578	#fff7b2
OX030907.1	103600000	103700000	gc1529-0.45277	#fee695
OX030907.1	103700000	103800000	gc1530-0.43927	#fee08b
OX030907.1	103800000	103900000	gc1531-0.4398	#fee08b
OX030907.1	103900000	104000000	gc1532-0.44008	#fee08b
OX030907.1	104000000	104100000	gc1533-0.43902	#fede89
OX030907.1	104100000	104200000	gc1534-0.44444	#fee28f
OX030907.1	104200000	104300000	gc1535-0.44303	#fee18d
OX030907.1	104300000	104400000	gc1536-0.46519	#feeda1
OX030907.1	104400000	104500000	gc1537-0.46845	#feefa3
OX030907.1	104500000	104600000	gc1538-0.45378	#fee797
OX030907.1	104600000	104700000	gc1539-0.43178	#fed884
OX030907.1	104700000	104800000	gc1540-0.45182	#fee695
OX030907.1	104800000	104900000	gc1541-0.46748	#feefa3
OX030907.1	104900000	105000000	gc1542-0.45441	#fee797
OX030907.1	105000000	105100000	gc1543-0.44906	#fee593
OX030907.1	105100000	105200000	gc1544-0.45334	#fee797
OX030907.1	105200000	105300000	gc1545-0.47423	#fff2aa
OX030907.1	105300000	105400000	gc1546-0.4716	#fff0a6
OX030907.1	105400000	105500000	gc1547-0.49579	#fffdbc
OX030907.1	105500000	105600000	gc1548-0.46104	#feeb9d
OX030907.1	105600000	105700000	gc1549-0.44961	#fee593
OX030907.1	105700000	105800000	gc1550-0.46488	#feeda1
OX030907.1	105800000	105900000	gc1551-0.43219	#feda86
OX030907.1	105900000	106000000	gc1552-0.43461	#fedc88
OX030907.1	106000000	106100000	gc1553-0.45112	#fee695
OX030907.1	106100000	106200000	gc1554-0.44732	#fee491
OX030907.1	106200000	106300000	gc1555-0.4491	#fee593
OX030907.1	106300000	106400000	gc1556-0.45587	#fee999
OX030907.1	106400000	106500000	gc1557-0.47246	#fff1a8
OX030907.1	106500000	106600000	gc1558-0.47254	#fff1a8
OX030907.1	106600000	106700000	gc1559-0.45814	#feea9b
OX030907.1	106700000	106800000	gc1560-0.45809	#feea9b
OX030907.1	106800000	106900000	gc1561-0.4567	#fee999
OX030907.1	106900000	107000000	gc1562-0.49663	#fffdbc
OX030907.1	107000000	107100000	gc1563-0.43641	#fedc88
OX030907.1	107100000	107200000	gc1564-0.44813	#fee491
OX030907.1	107200000	107300000	gc1565-0.46051	#feeb9d
OX030907.1	107300000	107400000	gc1566-0.45856	#feea9b
OX030907.1	107400000	107500000	gc1567-0.44949	#fee593
OX030907.1	107500000	107600000	gc1568-0.45634	#fee999
OX030907.1	107600000	107700000	gc1569-0.44879	#fee593
OX030907.1	107700000	107800000	gc1570-0.44048	#fee08b
OX030907.1	107800000	107900000	gc1571-0.45203	#fee695
OX030907.1	107900000	108000000	gc1572-0.4325	#feda86
OX030907.1	108000000	108100000	gc1573-0.44782	#fee491
OX030907.1	108100000	108200000	gc1574-0.46359	#feec9f
OX030907.1	108200000	108300000	gc1575-0.44059	#fee08b
OX030907.1	108300000	108400000	gc1576-0.4475	#fee491
OX030907.1	108400000	108500000	gc1577-0.45807	#feea9b
OX030907.1	108500000	108600000	gc1578-0.47168	#fff0a6
OX030907.1	108600000	108700000	gc1579-0.45191	#fee695
OX030907.1	108700000	108800000	gc1580-0.44133	#fee08b
OX030907.1	108800000	108900000	gc1581-0.44	#fee08b
OX030907.1	108900000	109000000	gc1582-0.47407	#fff1a8
OX030907.1	109000000	109100000	gc1583-0.47552	#fff2aa
OX030907.1	109100000	109200000	gc1584-0.44214	#fee18d
OX030907.1	109200000	109300000	gc1585-0.45806	#feea9b
OX030907.1	109300000	109400000	gc1586-0.47487	#fff2aa
OX030907.1	109400000	109500000	gc1587-0.46239	#feeb9d
OX030907.1	109500000	109600000	gc1588-0.46887	#feefa3
OX030907.1	109600000	109700000	gc1589-0.46372	#feec9f
OX030907.1	109700000	109800000	gc1590-0.46909	#feefa3
OX030907.1	109800000	109900000	gc1591-0.43757	#fede89
OX030907.1	109900000	110000000	gc1592-0.4481	#fee491
OX030907.1	110000000	110100000	gc1593-0.45466	#fee797
OX030907.1	110100000	110200000	gc1594-0.44943	#fee593
OX030907.1	110200000	110300000	gc1595-0.45435	#fee797
OX030907.1	110300000	110400000	gc1596-0.43849	#fede89
OX030907.1	110400000	110500000	gc1597-0.43689	#fede89
OX030907.1	110500000	110600000	gc1598-0.43455	#fedc88
OX030907.1	110600000	110700000	gc1599-0.4646	#feec9f
OX030907.1	110700000	110800000	gc1600-0.43666	#fedc88
OX030907.1	110800000	110900000	gc1601-0.45357	#fee797
OX030907.1	110900000	111000000	gc1602-0.44282	#fee18d
OX030907.1	111000000	111100000	gc1603-0.45158	#fee695
OX030907.1	111100000	111200000	gc1604-0.44387	#fee28f
OX030907.1	111200000	111300000	gc1605-0.44725	#fee491
OX030907.1	111300000	111400000	gc1606-0.4637	#feec9f
OX030907.1	111400000	111500000	gc1607-0.46214	#feeb9d
OX030907.1	111500000	111600000	gc1608-0.47335	#fff1a8
OX030907.1	111600000	111700000	gc1609-0.45581	#fee999
OX030907.1	111700000	111800000	gc1610-0.45436	#fee797
OX030907.1	111800000	111900000	gc1611-0.47834	#fff3ac
OX030907.1	111900000	112000000	gc1612-0.44903	#fee593
OX030907.1	112000000	112100000	gc1613-0.44741	#fee491
OX030907.1	112100000	112200000	gc1614-0.46284	#feec9f
OX030907.1	112200000	112300000	gc1615-0.449	#fee593
OX030907.1	112300000	112400000	gc1616-0.46592	#feeda1
OX030907.1	112400000	112500000	gc1617-0.46672	#feeda1
OX030907.1	112500000	112600000	gc1618-0.47421	#fff1a8
OX030907.1	112600000	112700000	gc1619-0.46205	#feeb9d
OX030907.1	112700000	112800000	gc1620-0.47917	#fff5ae
OX030907.1	112800000	112900000	gc1621-0.48636	#fff8b4
OX030907.1	112900000	113000000	gc1622-0.46418	#feec9f
OX030907.1	113000000	113100000	gc1623-0.46429	#feec9f
OX030907.1	113100000	113200000	gc1624-0.46161	#feeb9d
OX030907.1	113200000	113300000	gc1625-0.46602	#feeda1
OX030907.1	113300000	113400000	gc1626-0.45334	#fee797
OX030907.1	113400000	113500000	gc1627-0.46979	#fff0a6
OX030907.1	113500000	113600000	gc1628-0.49018	#fffab6
OX030907.1	113600000	113700000	gc1629-0.47715	#fff3ac
OX030907.1	113700000	113800000	gc1630-0.47211	#fff1a8
OX030907.1	113800000	113900000	gc1631-0.46986	#fff0a6
OX030907.1	113900000	114000000	gc1632-0.441	#fee08b
OX030907.1	114000000	114100000	gc1633-0.46708	#feeda1
OX030907.1	114100000	114200000	gc1634-0.46546	#feeda1
OX030907.1	114200000	114300000	gc1635-0.4764	#fff2aa
OX030907.1	114300000	114400000	gc1636-0.4745	#fff2aa
OX030907.1	114400000	114500000	gc1637-0.46849	#feefa3
OX030907.1	114500000	114600000	gc1638-0.47729	#fff3ac
OX030907.1	114600000	114700000	gc1639-0.46137	#feeb9d
OX030907.1	114700000	114800000	gc1640-0.47121	#fff0a6
OX030907.1	114800000	114900000	gc1641-0.47543	#fff2aa
OX030907.1	114900000	115000000	gc1642-0.46957	#fff0a6
OX030907.1	115000000	115100000	gc1643-0.48049	#fff5ae
OX030907.1	115100000	115200000	gc1644-0.46336	#feec9f
OX030907.1	115200000	115300000	gc1645-0.47189	#fff1a8
OX030907.1	115300000	115400000	gc1646-0.47923	#fff5ae
OX030907.1	115400000	115500000	gc1647-0.47026	#fff0a6
OX030907.1	115500000	115600000	gc1648-0.48811	#fff8b4
OX030907.1	115600000	115700000	gc1649-0.48551	#fff7b2
OX030907.1	115700000	115800000	gc1650-0.48567	#fff7b2
OX030907.1	115800000	115900000	gc1651-0.48509	#fff7b2
OX030907.1	115900000	116000000	gc1652-0.48152	#fff6b0
OX030907.1	116000000	116100000	gc1653-0.49904	#fffebe
OX030907.1	116100000	116200000	gc1654-0.48114	#fff5ae
OX030907.1	116200000	116300000	gc1655-0.48422	#fff7b2
OX030907.1	116300000	116400000	gc1656-0.51009	#fbfdb8
OX030907.1	116400000	116500000	gc1657-0.49555	#fffdbc
OX030907.1	116500000	116600000	gc1658-0.49536	#fffdbc
OX030907.1	116600000	116700000	gc1659-0.45864	#feea9b
OX030907.1	116700000	116800000	gc1660-0.47837	#fff3ac
OX030907.1	116800000	116900000	gc1661-0.47272	#fff1a8
OX030907.1	116900000	117000000	gc1662-0.4911	#fffbb8
OX030907.1	117000000	117100000	gc1663-0.48722	#fff8b4
OX030907.1	117100000	117200000	gc1664-0.47927	#fff5ae
OX030907.1	117200000	117300000	gc1665-0.4959	#fffdbc
OX030907.1	117300000	117400000	gc1666-0.50158	#ffffbe
OX030907.1	117400000	117500000	gc1667-0.4759	#fff2aa
OX030907.1	117500000	117600000	gc1668-0.48924	#fffab6
OX030907.1	117600000	117700000	gc1669-0.49926	#fffebe
OX030907.1	117700000	117800000	gc1670-0.48428	#fff7b2
OX030907.1	117800000	117900000	gc1671-0.45934	#feea9b
OX030907.1	117900000	118000000	gc1672-0.41583	#fecc7b
OX030907.1	118000000	118100000	gc1673-0.38314	#fdb163
OX030907.1	118100000	118196952	gc1674-0.5257446984074594	#f5fbaf
OX030908.1	0	100000	gc1675-0.42533	#fed481
OX030908.1	100000	200000	gc1676-0.42748	#fed683
OX030908.1	200000	300000	gc1677-0.4455	#fee28f
OX030908.1	300000	400000	gc1678-0.42925	#fed683
OX030908.1	400000	500000	gc1679-0.4427	#fee18d
OX030908.1	500000	600000	gc1680-0.47239	#fff1a8
OX030908.1	600000	700000	gc1681-0.47022	#fff0a6
OX030908.1	700000	800000	gc1682-0.46665	#feeda1
OX030908.1	800000	900000	gc1683-0.47169	#fff0a6
OX030908.1	900000	1000000	gc1684-0.45134	#fee695
OX030908.1	1000000	1100000	gc1685-0.4628	#feec9f
OX030908.1	1100000	1200000	gc1686-0.47195	#fff1a8
OX030908.1	1200000	1300000	gc1687-0.45769	#fee999
OX030908.1	1300000	1400000	gc1688-0.47636	#fff2aa
OX030908.1	1400000	1500000	gc1689-0.46822	#feefa3
OX030908.1	1500000	1600000	gc1690-0.46824	#feefa3
OX030908.1	1600000	1700000	gc1691-0.4729	#fff1a8
OX030908.1	1700000	1800000	gc1692-0.47839	#fff3ac
OX030908.1	1800000	1900000	gc1693-0.47499	#fff2aa
OX030908.1	1900000	2000000	gc1694-0.47658	#fff3ac
OX030908.1	2000000	2100000	gc1695-0.47815	#fff3ac
OX030908.1	2100000	2200000	gc1696-0.44866	#fee593
OX030908.1	2200000	2300000	gc1697-0.43358	#feda86
OX030908.1	2300000	2400000	gc1698-0.49635	#fffdbc
OX030908.1	2400000	2500000	gc1699-0.4867	#fff8b4
OX030908.1	2500000	2600000	gc1700-0.50322	#fefebd
OX030908.1	2600000	2700000	gc1701-0.50864	#fcfeba
OX030908.1	2700000	2800000	gc1702-0.47852	#fff3ac
OX030908.1	2800000	2900000	gc1703-0.50579	#fdfebb
OX030908.1	2900000	3000000	gc1704-0.47972	#fff5ae
OX030908.1	3000000	3100000	gc1705-0.45489	#fee797
OX030908.1	3100000	3200000	gc1706-0.45623	#fee999
OX030908.1	3200000	3300000	gc1707-0.42203	#fed07e
OX030908.1	3300000	3400000	gc1708-0.47509	#fff2aa
OX030908.1	3400000	3500000	gc1709-0.46875	#feefa3
OX030908.1	3500000	3600000	gc1710-0.48696	#fff8b4
OX030908.1	3600000	3700000	gc1711-0.46655	#feeda1
OX030908.1	3700000	3800000	gc1712-0.49041	#fffab6
OX030908.1	3800000	3900000	gc1713-0.47895	#fff5ae
OX030908.1	3900000	4000000	gc1714-0.47515	#fff2aa
OX030908.1	4000000	4100000	gc1715-0.46358	#feec9f
OX030908.1	4100000	4200000	gc1716-0.46362	#feec9f
OX030908.1	4200000	4300000	gc1717-0.47887	#fff3ac
OX030908.1	4300000	4400000	gc1718-0.4701	#fff0a6
OX030908.1	4400000	4500000	gc1719-0.46705	#feeda1
OX030908.1	4500000	4600000	gc1720-0.46197	#feeb9d
OX030908.1	4600000	4700000	gc1721-0.4729	#fff1a8
OX030908.1	4700000	4800000	gc1722-0.47128	#fff0a6
OX030908.1	4800000	4900000	gc1723-0.46571	#feeda1
OX030908.1	4900000	5000000	gc1724-0.46364	#feec9f
OX030908.1	5000000	5100000	gc1725-0.46559	#feeda1
OX030908.1	5100000	5200000	gc1726-0.4673	#feefa3
OX030908.1	5200000	5300000	gc1727-0.47984	#fff5ae
OX030908.1	5300000	5400000	gc1728-0.47885	#fff3ac
OX030908.1	5400000	5500000	gc1729-0.48334	#fff6b0
OX030908.1	5500000	5600000	gc1730-0.49773	#fffebe
OX030908.1	5600000	5700000	gc1731-0.49171	#fffbb8
OX030908.1	5700000	5800000	gc1732-0.47104	#fff0a6
OX030908.1	5800000	5900000	gc1733-0.47318	#fff1a8
OX030908.1	5900000	6000000	gc1734-0.47043	#fff0a6
OX030908.1	6000000	6100000	gc1735-0.46833	#feefa3
OX030908.1	6100000	6200000	gc1736-0.50129	#ffffbe
OX030908.1	6200000	6300000	gc1737-0.47573	#fff2aa
OX030908.1	6300000	6400000	gc1738-0.47594	#fff2aa
OX030908.1	6400000	6500000	gc1739-0.49197	#fffbb8
OX030908.1	6500000	6600000	gc1740-0.48274	#fff6b0
OX030908.1	6600000	6700000	gc1741-0.4687	#feefa3
OX030908.1	6700000	6800000	gc1742-0.45153	#fee695
OX030908.1	6800000	6900000	gc1743-0.45986	#feea9b
OX030908.1	6900000	7000000	gc1744-0.44989	#fee593
OX030908.1	7000000	7100000	gc1745-0.47696	#fff3ac
OX030908.1	7100000	7200000	gc1746-0.47106	#fff0a6
OX030908.1	7200000	7300000	gc1747-0.47864	#fff3ac
OX030908.1	7300000	7400000	gc1748-0.46873	#feefa3
OX030908.1	7400000	7500000	gc1749-0.44876	#fee593
OX030908.1	7500000	7600000	gc1750-0.47948	#fff5ae
OX030908.1	7600000	7700000	gc1751-0.47499	#fff2aa
OX030908.1	7700000	7800000	gc1752-0.45365	#fee797
OX030908.1	7800000	7900000	gc1753-0.46736	#feefa3
OX030908.1	7900000	8000000	gc1754-0.43518	#fedc88
OX030908.1	8000000	8100000	gc1755-0.48523	#fff7b2
OX030908.1	8100000	8200000	gc1756-0.46643	#feeda1
OX030908.1	8200000	8300000	gc1757-0.48257	#fff6b0
OX030908.1	8300000	8400000	gc1758-0.48857	#fffab6
OX030908.1	8400000	8500000	gc1759-0.47935	#fff5ae
OX030908.1	8500000	8600000	gc1760-0.47349	#fff1a8
OX030908.1	8600000	8700000	gc1761-0.46176	#feeb9d
OX030908.1	8700000	8800000	gc1762-0.46594	#feeda1
OX030908.1	8800000	8900000	gc1763-0.46758	#feefa3
OX030908.1	8900000	9000000	gc1764-0.44057	#fee08b
OX030908.1	9000000	9100000	gc1765-0.45603	#fee999
OX030908.1	9100000	9200000	gc1766-0.4635	#feec9f
OX030908.1	9200000	9300000	gc1767-0.46673	#feeda1
OX030908.1	9300000	9400000	gc1768-0.47791	#fff3ac
OX030908.1	9400000	9500000	gc1769-0.46377	#feec9f
OX030908.1	9500000	9600000	gc1770-0.46399	#feec9f
OX030908.1	9600000	9700000	gc1771-0.48092	#fff5ae
OX030908.1	9700000	9800000	gc1772-0.4413	#fee08b
OX030908.1	9800000	9900000	gc1773-0.44829	#fee491
OX030908.1	9900000	10000000	gc1774-0.47025	#fff0a6
OX030908.1	10000000	10100000	gc1775-0.48012	#fff5ae
OX030908.1	10100000	10200000	gc1776-0.47781	#fff3ac
OX030908.1	10200000	10300000	gc1777-0.48249	#fff6b0
OX030908.1	10300000	10400000	gc1778-0.44998	#fee593
OX030908.1	10400000	10500000	gc1779-0.46271	#feec9f
OX030908.1	10500000	10600000	gc1780-0.45768	#fee999
OX030908.1	10600000	10700000	gc1781-0.47666	#fff3ac
OX030908.1	10700000	10800000	gc1782-0.46056	#feeb9d
OX030908.1	10800000	10900000	gc1783-0.46798	#feefa3
OX030908.1	10900000	11000000	gc1784-0.47824	#fff3ac
OX030908.1	11000000	11100000	gc1785-0.47289	#fff1a8
OX030908.1	11100000	11200000	gc1786-0.46104	#feeb9d
OX030908.1	11200000	11300000	gc1787-0.44129	#fee08b
OX030908.1	11300000	11400000	gc1788-0.44151	#fee18d
OX030908.1	11400000	11500000	gc1789-0.44467	#fee28f
OX030908.1	11500000	11600000	gc1790-0.41993	#fece7c
OX030908.1	11600000	11700000	gc1791-0.40994	#fdc776
OX030908.1	11700000	11800000	gc1792-0.43539	#fedc88
OX030908.1	11800000	11900000	gc1793-0.42767	#fed683
OX030908.1	11900000	12000000	gc1794-0.4198	#fece7c
OX030908.1	12000000	12100000	gc1795-0.43728	#fede89
OX030908.1	12100000	12200000	gc1796-0.4371	#fede89
OX030908.1	12200000	12300000	gc1797-0.45925	#feea9b
OX030908.1	12300000	12400000	gc1798-0.42919	#fed683
OX030908.1	12400000	12500000	gc1799-0.45012	#fee593
OX030908.1	12500000	12600000	gc1800-0.44017	#fee08b
OX030908.1	12600000	12700000	gc1801-0.43344	#feda86
OX030908.1	12700000	12800000	gc1802-0.42775	#fed683
OX030908.1	12800000	12900000	gc1803-0.42593	#fed481
OX030908.1	12900000	13000000	gc1804-0.41367	#feca79
OX030908.1	13000000	13100000	gc1805-0.43834	#fede89
OX030908.1	13100000	13200000	gc1806-0.41874	#fece7c
OX030908.1	13200000	13300000	gc1807-0.43868	#fede89
OX030908.1	13300000	13400000	gc1808-0.43506	#fedc88
OX030908.1	13400000	13500000	gc1809-0.42094	#fed07e
OX030908.1	13500000	13600000	gc1810-0.47311	#fff1a8
OX030908.1	13600000	13700000	gc1811-0.43201	#fed884
OX030908.1	13700000	13800000	gc1812-0.4304	#fed884
OX030908.1	13800000	13900000	gc1813-0.40986	#fdc776
OX030908.1	13900000	14000000	gc1814-0.40286	#fdc171
OX030908.1	14000000	14100000	gc1815-0.40765	#fdc574
OX030908.1	14100000	14200000	gc1816-0.4186	#fece7c
OX030908.1	14200000	14300000	gc1817-0.42968	#fed683
OX030908.1	14300000	14400000	gc1818-0.42175	#fed07e
OX030908.1	14400000	14500000	gc1819-0.45156	#fee695
OX030908.1	14500000	14600000	gc1820-0.40904	#fdc776
OX030908.1	14600000	14700000	gc1821-0.43934	#fee08b
OX030908.1	14700000	14800000	gc1822-0.4243	#fed27f
OX030908.1	14800000	14900000	gc1823-0.41156	#fec877
OX030908.1	14900000	15000000	gc1824-0.42692	#fed481
OX030908.1	15000000	15100000	gc1825-0.4125250501002004	#fec877
OX030908.1	15100000	15200000	gc1826-0.40134	#fdbf6f
OX030908.1	15200000	15300000	gc1827-0.43894	#fede89
OX030908.1	15300000	15400000	gc1828-0.42166	#fed07e
OX030908.1	15400000	15500000	gc1829-0.42346	#fed27f
OX030908.1	15500000	15600000	gc1830-0.43364	#feda86
OX030908.1	15600000	15700000	gc1831-0.41094	#fec877
OX030908.1	15700000	15800000	gc1832-0.41637	#fecc7b
OX030908.1	15800000	15900000	gc1833-0.43692	#fede89
OX030908.1	15900000	16000000	gc1834-0.43938	#fee08b
OX030908.1	16000000	16100000	gc1835-0.42892	#fed683
OX030908.1	16100000	16200000	gc1836-0.42472	#fed27f
OX030908.1	16200000	16300000	gc1837-0.42047	#fed07e
OX030908.1	16300000	16400000	gc1838-0.41297	#fec877
OX030908.1	16400000	16500000	gc1839-0.43816	#fede89
OX030908.1	16500000	16600000	gc1840-0.43709	#fede89
OX030908.1	16600000	16700000	gc1841-0.4192	#fece7c
OX030908.1	16700000	16800000	gc1842-0.43156	#fed884
OX030908.1	16800000	16900000	gc1843-0.43107	#fed884
OX030908.1	16900000	17000000	gc1844-0.45136	#fee695
OX030908.1	17000000	17100000	gc1845-0.42204	#fed07e
OX030908.1	17100000	17200000	gc1846-0.43754	#fede89
OX030908.1	17200000	17300000	gc1847-0.45408	#fee797
OX030908.1	17300000	17400000	gc1848-0.3983	#fdbd6d
OX030908.1	17400000	17500000	gc1849-0.41934	#fece7c
OX030908.1	17500000	17600000	gc1850-0.42944	#fed683
OX030908.1	17600000	17700000	gc1851-0.41967	#fece7c
OX030908.1	17700000	17800000	gc1852-0.43576	#fedc88
OX030908.1	17800000	17900000	gc1853-0.44717	#fee491
OX030908.1	17900000	18000000	gc1854-0.45353	#fee797
OX030908.1	18000000	18100000	gc1855-0.44882	#fee593
OX030908.1	18100000	18200000	gc1856-0.4329	#feda86
OX030908.1	18200000	18300000	gc1857-0.46176	#feeb9d
OX030908.1	18300000	18400000	gc1858-0.43211	#feda86
OX030908.1	18400000	18500000	gc1859-0.45394	#fee797
OX030908.1	18500000	18600000	gc1860-0.42395	#fed27f
OX030908.1	18600000	18700000	gc1861-0.44521	#fee28f
OX030908.1	18700000	18800000	gc1862-0.44089	#fee08b
OX030908.1	18800000	18900000	gc1863-0.43936	#fee08b
OX030908.1	18900000	19000000	gc1864-0.44804	#fee491
OX030908.1	19000000	19100000	gc1865-0.43841	#fede89
OX030908.1	19100000	19200000	gc1866-0.44422	#fee28f
OX030908.1	19200000	19300000	gc1867-0.43659	#fedc88
OX030908.1	19300000	19400000	gc1868-0.45232	#fee695
OX030908.1	19400000	19500000	gc1869-0.4399	#fee08b
OX030908.1	19500000	19600000	gc1870-0.44653	#fee491
OX030908.1	19600000	19700000	gc1871-0.4187236180904523	#fece7c
OX030908.1	19700000	19800000	gc1872-0.42701	#fed481
OX030908.1	19800000	19900000	gc1873-0.45613	#fee999
OX030908.1	19900000	20000000	gc1874-0.45124	#fee695
OX030908.1	20000000	20100000	gc1875-0.42276	#fed27f
OX030908.1	20100000	20200000	gc1876-0.44325	#fee18d
OX030908.1	20200000	20300000	gc1877-0.47357	#fff1a8
OX030908.1	20300000	20400000	gc1878-0.43301	#feda86
OX030908.1	20400000	20500000	gc1879-0.45856	#feea9b
OX030908.1	20500000	20600000	gc1880-0.44615	#fee491
OX030908.1	20600000	20700000	gc1881-0.42761	#fed683
OX030908.1	20700000	20800000	gc1882-0.43854	#fede89
OX030908.1	20800000	20900000	gc1883-0.43904	#fede89
OX030908.1	20900000	21000000	gc1884-0.4375	#fede89
OX030908.1	21000000	21100000	gc1885-0.42511	#fed481
OX030908.1	21100000	21200000	gc1886-0.42841	#fed683
OX030908.1	21200000	21300000	gc1887-0.45982	#feea9b
OX030908.1	21300000	21400000	gc1888-0.46839	#feefa3
OX030908.1	21400000	21500000	gc1889-0.45844	#feea9b
OX030908.1	21500000	21600000	gc1890-0.42258	#fed07e
OX030908.1	21600000	21700000	gc1891-0.45737	#fee999
OX030908.1	21700000	21800000	gc1892-0.42213	#fed07e
OX030908.1	21800000	21900000	gc1893-0.41504	#feca79
OX030908.1	21900000	22000000	gc1894-0.44061	#fee08b
OX030908.1	22000000	22100000	gc1895-0.44865	#fee593
OX030908.1	22100000	22200000	gc1896-0.44067	#fee08b
OX030908.1	22200000	22300000	gc1897-0.44874	#fee593
OX030908.1	22300000	22400000	gc1898-0.44697	#fee491
OX030908.1	22400000	22500000	gc1899-0.4432	#fee18d
OX030908.1	22500000	22600000	gc1900-0.45445	#fee797
OX030908.1	22600000	22700000	gc1901-0.44024	#fee08b
OX030908.1	22700000	22800000	gc1902-0.44775	#fee491
OX030908.1	22800000	22900000	gc1903-0.44254	#fee18d
OX030908.1	22900000	23000000	gc1904-0.43243	#feda86
OX030908.1	23000000	23100000	gc1905-0.44089	#fee08b
OX030908.1	23100000	23200000	gc1906-0.43512	#fedc88
OX030908.1	23200000	23300000	gc1907-0.45624	#fee999
OX030908.1	23300000	23400000	gc1908-0.41104	#fec877
OX030908.1	23400000	23500000	gc1909-0.45164	#fee695
OX030908.1	23500000	23600000	gc1910-0.44448	#fee28f
OX030908.1	23600000	23700000	gc1911-0.39965	#fdbf6f
OX030908.1	23700000	23800000	gc1912-0.44168	#fee18d
OX030908.1	23800000	23900000	gc1913-0.44553	#fee28f
OX030908.1	23900000	24000000	gc1914-0.43669	#fedc88
OX030908.1	24000000	24100000	gc1915-0.4564	#fee999
OX030908.1	24100000	24200000	gc1916-0.44032	#fee08b
OX030908.1	24200000	24300000	gc1917-0.44626	#fee491
OX030908.1	24300000	24400000	gc1918-0.45199	#fee695
OX030908.1	24400000	24500000	gc1919-0.42799	#fed683
OX030908.1	24500000	24600000	gc1920-0.41954	#fece7c
OX030908.1	24600000	24700000	gc1921-0.45132	#fee695
OX030908.1	24700000	24800000	gc1922-0.3761	#fcaa5f
OX030908.1	24800000	24900000	gc1923-0.40238	#fdc171
OX030908.1	24900000	25000000	gc1924-0.42784	#fed683
OX030908.1	25000000	25100000	gc1925-0.45394	#fee797
OX030908.1	25100000	25200000	gc1926-0.48394	#fff7b2
OX030908.1	25200000	25300000	gc1927-0.4676	#feefa3
OX030908.1	25300000	25400000	gc1928-0.44112	#fee08b
OX030908.1	25400000	25500000	gc1929-0.44184	#fee18d
OX030908.1	25500000	25600000	gc1930-0.45603	#fee999
OX030908.1	25600000	25700000	gc1931-0.43882	#fede89
OX030908.1	25700000	25800000	gc1932-0.43362	#feda86
OX030908.1	25800000	25900000	gc1933-0.45572	#fee999
OX030908.1	25900000	26000000	gc1934-0.44157	#fee18d
OX030908.1	26000000	26100000	gc1935-0.45477	#fee797
OX030908.1	26100000	26200000	gc1936-0.45615	#fee999
OX030908.1	26200000	26300000	gc1937-0.44277	#fee18d
OX030908.1	26300000	26400000	gc1938-0.44082	#fee08b
OX030908.1	26400000	26500000	gc1939-0.43728	#fede89
OX030908.1	26500000	26600000	gc1940-0.4487	#fee593
OX030908.1	26600000	26700000	gc1941-0.4294	#fed683
OX030908.1	26700000	26800000	gc1942-0.43087	#fed884
OX030908.1	26800000	26900000	gc1943-0.43424	#feda86
OX030908.1	26900000	27000000	gc1944-0.4289	#fed683
OX030908.1	27000000	27100000	gc1945-0.43709	#fede89
OX030908.1	27100000	27200000	gc1946-0.46755	#feefa3
OX030908.1	27200000	27300000	gc1947-0.44842	#fee491
OX030908.1	27300000	27400000	gc1948-0.44844	#fee593
OX030908.1	27400000	27500000	gc1949-0.4533	#fee797
OX030908.1	27500000	27600000	gc1950-0.44816	#fee491
OX030908.1	27600000	27700000	gc1951-0.44782	#fee491
OX030908.1	27700000	27800000	gc1952-0.46387	#feec9f
OX030908.1	27800000	27900000	gc1953-0.47427	#fff2aa
OX030908.1	27900000	28000000	gc1954-0.44573	#fee28f
OX030908.1	28000000	28100000	gc1955-0.44102	#fee08b
OX030908.1	28100000	28200000	gc1956-0.43352	#feda86
OX030908.1	28200000	28300000	gc1957-0.43521	#fedc88
OX030908.1	28300000	28400000	gc1958-0.48281	#fff6b0
OX030908.1	28400000	28500000	gc1959-0.44903	#fee593
OX030908.1	28500000	28600000	gc1960-0.45483	#fee797
OX030908.1	28600000	28700000	gc1961-0.44576	#fee28f
OX030908.1	28700000	28800000	gc1962-0.44365	#fee18d
OX030908.1	28800000	28900000	gc1963-0.43541	#fedc88
OX030908.1	28900000	29000000	gc1964-0.41903	#fece7c
OX030908.1	29000000	29100000	gc1965-0.44506	#fee28f
OX030908.1	29100000	29200000	gc1966-0.42686	#fed481
OX030908.1	29200000	29300000	gc1967-0.41013	#fdc776
OX030908.1	29300000	29400000	gc1968-0.40375	#fdc171
OX030908.1	29400000	29500000	gc1969-0.40024	#fdbf6f
OX030908.1	29500000	29600000	gc1970-0.41176	#fec877
OX030908.1	29600000	29700000	gc1971-0.40478	#fdc372
OX030908.1	29700000	29800000	gc1972-0.40615	#fdc372
OX030908.1	29800000	29900000	gc1973-0.41313	#fec877
OX030908.1	29900000	30000000	gc1974-0.46334	#feec9f
OX030908.1	30000000	30100000	gc1975-0.44203	#fee18d
OX030908.1	30100000	30200000	gc1976-0.43595	#fedc88
OX030908.1	30200000	30300000	gc1977-0.44024	#fee08b
OX030908.1	30300000	30400000	gc1978-0.4399	#fee08b
OX030908.1	30400000	30500000	gc1979-0.45597	#fee999
OX030908.1	30500000	30600000	gc1980-0.44771	#fee491
OX030908.1	30600000	30700000	gc1981-0.43407	#feda86
OX030908.1	30700000	30800000	gc1982-0.44277	#fee18d
OX030908.1	30800000	30900000	gc1983-0.47262	#fff1a8
OX030908.1	30900000	31000000	gc1984-0.45548	#fee999
OX030908.1	31000000	31100000	gc1985-0.4474	#fee491
OX030908.1	31100000	31200000	gc1986-0.45856	#feea9b
OX030908.1	31200000	31300000	gc1987-0.46266	#feec9f
OX030908.1	31300000	31400000	gc1988-0.45392	#fee797
OX030908.1	31400000	31500000	gc1989-0.5066	#fdfebb
OX030908.1	31500000	31600000	gc1990-0.47401	#fff1a8
OX030908.1	31600000	31700000	gc1991-0.41871	#fece7c
OX030908.1	31700000	31800000	gc1992-0.47173	#fff0a6
OX030908.1	31800000	31900000	gc1993-0.46067	#feeb9d
OX030908.1	31900000	32000000	gc1994-0.45925	#feea9b
OX030908.1	32000000	32100000	gc1995-0.46167	#feeb9d
OX030908.1	32100000	32200000	gc1996-0.4478492462311558	#fee491
OX030908.1	32200000	32300000	gc1997-0.42321	#fed27f
OX030908.1	32300000	32400000	gc1998-0.42632	#fed481
OX030908.1	32400000	32500000	gc1999-0.41888	#fece7c
OX030908.1	32500000	32600000	gc2000-0.42445	#fed27f
OX030908.1	32600000	32700000	gc2001-0.43024	#fed884
OX030908.1	32700000	32800000	gc2002-0.45043	#fee593
OX030908.1	32800000	32900000	gc2003-0.4684	#feefa3
OX030908.1	32900000	33000000	gc2004-0.4396	#fee08b
OX030908.1	33000000	33100000	gc2005-0.45477	#fee797
OX030908.1	33100000	33200000	gc2006-0.44431	#fee28f
OX030908.1	33200000	33300000	gc2007-0.45534	#fee797
OX030908.1	33300000	33400000	gc2008-0.4709	#fff0a6
OX030908.1	33400000	33500000	gc2009-0.46686	#feeda1
OX030908.1	33500000	33600000	gc2010-0.45427	#fee797
OX030908.1	33600000	33700000	gc2011-0.46162	#feeb9d
OX030908.1	33700000	33800000	gc2012-0.41779	#fecc7b
OX030908.1	33800000	33900000	gc2013-0.4389	#fede89
OX030908.1	33900000	34000000	gc2014-0.46581	#feeda1
OX030908.1	34000000	34100000	gc2015-0.45125	#fee695
OX030908.1	34100000	34200000	gc2016-0.45029	#fee593
OX030908.1	34200000	34300000	gc2017-0.45608	#fee999
OX030908.1	34300000	34400000	gc2018-0.45289	#fee695
OX030908.1	34400000	34500000	gc2019-0.46783	#feefa3
OX030908.1	34500000	34600000	gc2020-0.47249	#fff1a8
OX030908.1	34600000	34700000	gc2021-0.49754	#fffdbc
OX030908.1	34700000	34800000	gc2022-0.47397	#fff1a8
OX030908.1	34800000	34900000	gc2023-0.47185	#fff0a6
OX030908.1	34900000	35000000	gc2024-0.46655	#feeda1
OX030908.1	35000000	35100000	gc2025-0.45949	#feea9b
OX030908.1	35100000	35200000	gc2026-0.46318	#feec9f
OX030908.1	35200000	35300000	gc2027-0.479	#fff5ae
OX030908.1	35300000	35400000	gc2028-0.47267	#fff1a8
OX030908.1	35400000	35500000	gc2029-0.46919	#feefa3
OX030908.1	35500000	35600000	gc2030-0.44612	#fee491
OX030908.1	35600000	35700000	gc2031-0.43958	#fee08b
OX030908.1	35700000	35800000	gc2032-0.45088	#fee695
OX030908.1	35800000	35900000	gc2033-0.48307	#fff6b0
OX030908.1	35900000	36000000	gc2034-0.46232	#feeb9d
OX030908.1	36000000	36100000	gc2035-0.44586	#fee28f
OX030908.1	36100000	36200000	gc2036-0.4363	#fedc88
OX030908.1	36200000	36300000	gc2037-0.45108	#fee695
OX030908.1	36300000	36400000	gc2038-0.45133	#fee695
OX030908.1	36400000	36500000	gc2039-0.46316	#feec9f
OX030908.1	36500000	36600000	gc2040-0.43756	#fede89
OX030908.1	36600000	36700000	gc2041-0.46866	#feefa3
OX030908.1	36700000	36800000	gc2042-0.45347	#fee797
OX030908.1	36800000	36900000	gc2043-0.43899	#fede89
OX030908.1	36900000	37000000	gc2044-0.40226	#fdc171
OX030908.1	37000000	37100000	gc2045-0.43675	#fede89
OX030908.1	37100000	37200000	gc2046-0.4364	#fedc88
OX030908.1	37200000	37300000	gc2047-0.43198	#fed884
OX030908.1	37300000	37400000	gc2048-0.43024	#fed884
OX030908.1	37400000	37500000	gc2049-0.41814	#fece7c
OX030908.1	37500000	37600000	gc2050-0.43156	#fed884
OX030908.1	37600000	37700000	gc2051-0.42899	#fed683
OX030908.1	37700000	37800000	gc2052-0.43935	#fee08b
OX030908.1	37800000	37900000	gc2053-0.42243	#fed07e
OX030908.1	37900000	38000000	gc2054-0.44964	#fee593
OX030908.1	38000000	38100000	gc2055-0.43862	#fede89
OX030908.1	38100000	38200000	gc2056-0.41458	#feca79
OX030908.1	38200000	38300000	gc2057-0.4197	#fece7c
OX030908.1	38300000	38400000	gc2058-0.41527	#feca79
OX030908.1	38400000	38500000	gc2059-0.41393	#feca79
OX030908.1	38500000	38600000	gc2060-0.44711	#fee491
OX030908.1	38600000	38700000	gc2061-0.41335	#feca79
OX030908.1	38700000	38800000	gc2062-0.37644	#fcaa5f
OX030908.1	38800000	38900000	gc2063-0.38879	#fdb567
OX030908.1	38900000	39000000	gc2064-0.3982	#fdbd6d
OX030908.1	39000000	39100000	gc2065-0.4217	#fed07e
OX030908.1	39100000	39200000	gc2066-0.41273	#fec877
OX030908.1	39200000	39300000	gc2067-0.42068	#fed07e
OX030908.1	39300000	39400000	gc2068-0.40112	#fdbf6f
OX030908.1	39400000	39500000	gc2069-0.40859	#fdc574
OX030908.1	39500000	39600000	gc2070-0.39372	#fdb96a
OX030908.1	39600000	39700000	gc2071-0.39594	#fdbb6c
OX030908.1	39700000	39800000	gc2072-0.40754	#fdc574
OX030908.1	39800000	39900000	gc2073-0.39147	#fdb768
OX030908.1	39900000	40000000	gc2074-0.39339	#fdb96a
OX030908.1	40000000	40100000	gc2075-0.40327	#fdc171
OX030908.1	40100000	40200000	gc2076-0.39	#fdb768
OX030908.1	40200000	40300000	gc2077-0.41542	#feca79
OX030908.1	40300000	40400000	gc2078-0.38798994974874373	#fdb567
OX030908.1	40400000	40500000	gc2079-0.39915	#fdbd6d
OX030908.1	40500000	40600000	gc2080-0.40219	#fdc171
OX030908.1	40600000	40700000	gc2081-0.39228	#fdb96a
OX030908.1	40700000	40800000	gc2082-0.3897	#fdb567
OX030908.1	40800000	40900000	gc2083-0.40299	#fdc171
OX030908.1	40900000	41000000	gc2084-0.40429	#fdc372
OX030908.1	41000000	41100000	gc2085-0.41822	#fece7c
OX030908.1	41100000	41200000	gc2086-0.41751	#fecc7b
OX030908.1	41200000	41300000	gc2087-0.43774	#fede89
OX030908.1	41300000	41400000	gc2088-0.42334	#fed27f
OX030908.1	41400000	41500000	gc2089-0.44527	#fee28f
OX030908.1	41500000	41600000	gc2090-0.45308	#fee695
OX030908.1	41600000	41700000	gc2091-0.45004	#fee593
OX030908.1	41700000	41800000	gc2092-0.43621	#fedc88
OX030908.1	41800000	41900000	gc2093-0.43795	#fede89
OX030908.1	41900000	42000000	gc2094-0.44923	#fee593
OX030908.1	42000000	42100000	gc2095-0.44699	#fee491
OX030908.1	42100000	42200000	gc2096-0.41955	#fece7c
OX030908.1	42200000	42300000	gc2097-0.43922	#fee08b
OX030908.1	42300000	42400000	gc2098-0.41895	#fece7c
OX030908.1	42400000	42500000	gc2099-0.42558	#fed481
OX030908.1	42500000	42600000	gc2100-0.40328	#fdc171
OX030908.1	42600000	42700000	gc2101-0.40767	#fdc574
OX030908.1	42700000	42800000	gc2102-0.41124	#fec877
OX030908.1	42800000	42900000	gc2103-0.48503	#fff7b2
OX030908.1	42900000	43000000	gc2104-0.41108	#fec877
OX030908.1	43000000	43100000	gc2105-0.41968	#fece7c
OX030908.1	43100000	43200000	gc2106-0.41872	#fece7c
OX030908.1	43200000	43300000	gc2107-0.41787	#fecc7b
OX030908.1	43300000	43400000	gc2108-0.45019	#fee593
OX030908.1	43400000	43500000	gc2109-0.44433	#fee28f
OX030908.1	43500000	43600000	gc2110-0.39492	#fdbb6c
OX030908.1	43600000	43700000	gc2111-0.45623	#fee999
OX030908.1	43700000	43800000	gc2112-0.45145	#fee695
OX030908.1	43800000	43900000	gc2113-0.47077	#fff0a6
OX030908.1	43900000	44000000	gc2114-0.42577	#fed481
OX030908.1	44000000	44100000	gc2115-0.43212	#feda86
OX030908.1	44100000	44200000	gc2116-0.43479	#fedc88
OX030908.1	44200000	44300000	gc2117-0.42205	#fed07e
OX030908.1	44300000	44400000	gc2118-0.42397	#fed27f
OX030908.1	44400000	44500000	gc2119-0.4205	#fed07e
OX030908.1	44500000	44600000	gc2120-0.45138	#fee695
OX030908.1	44600000	44700000	gc2121-0.44165	#fee18d
OX030908.1	44700000	44800000	gc2122-0.44368	#fee18d
OX030908.1	44800000	44900000	gc2123-0.41654	#fecc7b
OX030908.1	44900000	45000000	gc2124-0.43342	#feda86
OX030908.1	45000000	45100000	gc2125-0.40769	#fdc574
OX030908.1	45100000	45200000	gc2126-0.41772	#fecc7b
OX030908.1	45200000	45300000	gc2127-0.40346	#fdc171
OX030908.1	45300000	45400000	gc2128-0.39747	#fdbd6d
OX030908.1	45400000	45500000	gc2129-0.39908	#fdbd6d
OX030908.1	45500000	45600000	gc2130-0.40021	#fdbf6f
OX030908.1	45600000	45700000	gc2131-0.39343	#fdb96a
OX030908.1	45700000	45800000	gc2132-0.41651	#fecc7b
OX030908.1	45800000	45900000	gc2133-0.40304	#fdc171
OX030908.1	45900000	46000000	gc2134-0.40662	#fdc574
OX030908.1	46000000	46100000	gc2135-0.42163	#fed07e
OX030908.1	46100000	46200000	gc2136-0.41125	#fec877
OX030908.1	46200000	46300000	gc2137-0.38323	#fdb163
OX030908.1	46300000	46400000	gc2138-0.41697	#fecc7b
OX030908.1	46400000	46500000	gc2139-0.42663	#fed481
OX030908.1	46500000	46600000	gc2140-0.42921	#fed683
OX030908.1	46600000	46700000	gc2141-0.43313	#feda86
OX030908.1	46700000	46800000	gc2142-0.42216	#fed07e
OX030908.1	46800000	46900000	gc2143-0.41283	#fec877
OX030908.1	46900000	47000000	gc2144-0.41519	#feca79
OX030908.1	47000000	47100000	gc2145-0.39802	#fdbd6d
OX030908.1	47100000	47200000	gc2146-0.43919	#fee08b
OX030908.1	47200000	47300000	gc2147-0.48682	#fff8b4
OX030908.1	47300000	47400000	gc2148-0.43587	#fedc88
OX030908.1	47400000	47500000	gc2149-0.4348	#fedc88
OX030908.1	47500000	47600000	gc2150-0.41544	#feca79
OX030908.1	47600000	47700000	gc2151-0.41231	#fec877
OX030908.1	47700000	47800000	gc2152-0.43554	#fedc88
OX030908.1	47800000	47900000	gc2153-0.4296	#fed683
OX030908.1	47900000	48000000	gc2154-0.43355	#feda86
OX030908.1	48000000	48100000	gc2155-0.41607	#fecc7b
OX030908.1	48100000	48200000	gc2156-0.40829	#fdc574
OX030908.1	48200000	48300000	gc2157-0.39333	#fdb96a
OX030908.1	48300000	48400000	gc2158-0.382	#fdaf62
OX030908.1	48400000	48500000	gc2159-0.42348	#fed27f
OX030908.1	48500000	48600000	gc2160-0.39118	#fdb768
OX030908.1	48600000	48700000	gc2161-0.42061	#fed07e
OX030908.1	48700000	48800000	gc2162-0.4355	#fedc88
OX030908.1	48800000	48900000	gc2163-0.39297	#fdb96a
OX030908.1	48900000	49000000	gc2164-0.42974	#fed884
OX030908.1	49000000	49100000	gc2165-0.42256	#fed07e
OX030908.1	49100000	49200000	gc2166-0.45804	#feea9b
OX030908.1	49200000	49300000	gc2167-0.42496	#fed27f
OX030908.1	49300000	49400000	gc2168-0.42692	#fed481
OX030908.1	49400000	49500000	gc2169-0.4292	#fed683
OX030908.1	49500000	49600000	gc2170-0.44783	#fee491
OX030908.1	49600000	49700000	gc2171-0.41742	#fecc7b
OX030908.1	49700000	49800000	gc2172-0.40752	#fdc574
OX030908.1	49800000	49900000	gc2173-0.40236	#fdc171
OX030908.1	49900000	50000000	gc2174-0.38735	#fdb365
OX030908.1	50000000	50100000	gc2175-0.36942	#fba35c
OX030908.1	50100000	50200000	gc2176-0.40424	#fdc372
OX030908.1	50200000	50300000	gc2177-0.39142	#fdb768
OX030908.1	50300000	50400000	gc2178-0.3698	#fba35c
OX030908.1	50400000	50500000	gc2179-0.37456	#fca85e
OX030908.1	50500000	50600000	gc2180-0.35254	#f99153
OX030908.1	50600000	50700000	gc2181-0.39054	#fdb768
OX030908.1	50700000	50800000	gc2182-0.39474	#fdbb6c
OX030908.1	50800000	50900000	gc2183-0.39708	#fdbd6d
OX030908.1	50900000	51000000	gc2184-0.37812	#fcaa5f
OX030908.1	51000000	51100000	gc2185-0.40262	#fdc171
OX030908.1	51100000	51200000	gc2186-0.41329	#feca79
OX030908.1	51200000	51300000	gc2187-0.39388	#fdb96a
OX030908.1	51300000	51400000	gc2188-0.41359	#feca79
OX030908.1	51400000	51500000	gc2189-0.41514	#feca79
OX030908.1	51500000	51600000	gc2190-0.4089	#fdc776
OX030908.1	51600000	51700000	gc2191-0.41597	#fecc7b
OX030908.1	51700000	51800000	gc2192-0.39551	#fdbb6c
OX030908.1	51800000	51900000	gc2193-0.43122	#fed884
OX030908.1	51900000	52000000	gc2194-0.44929	#fee593
OX030908.1	52000000	52100000	gc2195-0.44857	#fee593
OX030908.1	52100000	52200000	gc2196-0.41821	#fece7c
OX030908.1	52200000	52300000	gc2197-0.42198	#fed07e
OX030908.1	52300000	52400000	gc2198-0.41864	#fece7c
OX030908.1	52400000	52500000	gc2199-0.41225	#fec877
OX030908.1	52500000	52600000	gc2200-0.43028	#fed884
OX030908.1	52600000	52700000	gc2201-0.43898	#fede89
OX030908.1	52700000	52800000	gc2202-0.40139	#fdbf6f
OX030908.1	52800000	52900000	gc2203-0.41262	#fec877
OX030908.1	52900000	53000000	gc2204-0.41787	#fecc7b
OX030908.1	53000000	53100000	gc2205-0.42738	#fed683
OX030908.1	53100000	53200000	gc2206-0.44984	#fee593
OX030908.1	53200000	53300000	gc2207-0.44798	#fee491
OX030908.1	53300000	53400000	gc2208-0.42896	#fed683
OX030908.1	53400000	53500000	gc2209-0.40635	#fdc574
OX030908.1	53500000	53600000	gc2210-0.39425	#fdb96a
OX030908.1	53600000	53700000	gc2211-0.43067	#fed884
OX030908.1	53700000	53800000	gc2212-0.42108	#fed07e
OX030908.1	53800000	53900000	gc2213-0.39062	#fdb768
OX030908.1	53900000	54000000	gc2214-0.41109	#fec877
OX030908.1	54000000	54100000	gc2215-0.42853	#fed683
OX030908.1	54100000	54200000	gc2216-0.4209	#fed07e
OX030908.1	54200000	54300000	gc2217-0.42014	#fece7c
OX030908.1	54300000	54400000	gc2218-0.40554	#fdc372
OX030908.1	54400000	54500000	gc2219-0.41874	#fece7c
OX030908.1	54500000	54600000	gc2220-0.41351	#feca79
OX030908.1	54600000	54700000	gc2221-0.42311623246492985	#fed27f
OX030908.1	54700000	54800000	gc2222-0.41727	#fecc7b
OX030908.1	54800000	54900000	gc2223-0.40426	#fdc372
OX030908.1	54900000	55000000	gc2224-0.415	#feca79
OX030908.1	55000000	55100000	gc2225-0.38505	#fdb163
OX030908.1	55100000	55200000	gc2226-0.39726	#fdbd6d
OX030908.1	55200000	55300000	gc2227-0.40422	#fdc372
OX030908.1	55300000	55400000	gc2228-0.41926	#fece7c
OX030908.1	55400000	55500000	gc2229-0.42056	#fed07e
OX030908.1	55500000	55600000	gc2230-0.43641	#fedc88
OX030908.1	55600000	55700000	gc2231-0.43784	#fede89
OX030908.1	55700000	55800000	gc2232-0.42364	#fed27f
OX030908.1	55800000	55900000	gc2233-0.45147	#fee695
OX030908.1	55900000	56000000	gc2234-0.41638	#fecc7b
OX030908.1	56000000	56100000	gc2235-0.4259	#fed481
OX030908.1	56100000	56200000	gc2236-0.41904	#fece7c
OX030908.1	56200000	56300000	gc2237-0.41626	#fecc7b
OX030908.1	56300000	56400000	gc2238-0.41884	#fece7c
OX030908.1	56400000	56500000	gc2239-0.39826	#fdbd6d
OX030908.1	56500000	56600000	gc2240-0.40889	#fdc776
OX030908.1	56600000	56700000	gc2241-0.39937	#fdbf6f
OX030908.1	56700000	56800000	gc2242-0.39507	#fdbb6c
OX030908.1	56800000	56900000	gc2243-0.42449	#fed27f
OX030908.1	56900000	57000000	gc2244-0.44711	#fee491
OX030908.1	57000000	57100000	gc2245-0.39528	#fdbb6c
OX030908.1	57100000	57200000	gc2246-0.40639	#fdc574
OX030908.1	57200000	57300000	gc2247-0.42232	#fed07e
OX030908.1	57300000	57400000	gc2248-0.38087174348697395	#fdaf62
OX030908.1	57400000	57500000	gc2249-0.39539078156312624	#fdbb6c
OX030908.1	57500000	57600000	gc2250-0.37329	#fca55d
OX030908.1	57600000	57700000	gc2251-0.39202	#fdb768
OX030908.1	57700000	57800000	gc2252-0.37236	#fca55d
OX030908.1	57800000	57900000	gc2253-0.37522	#fca85e
OX030908.1	57900000	58000000	gc2254-0.37341	#fca55d
OX030908.1	58000000	58100000	gc2255-0.37656	#fcaa5f
OX030908.1	58100000	58200000	gc2256-0.37042	#fba35c
OX030908.1	58200000	58300000	gc2257-0.38514	#fdb163
OX030908.1	58300000	58400000	gc2258-0.37682	#fcaa5f
OX030908.1	58400000	58500000	gc2259-0.37341	#fca55d
OX030908.1	58500000	58600000	gc2260-0.4056	#fdc372
OX030908.1	58600000	58700000	gc2261-0.39499	#fdbb6c
OX030908.1	58700000	58800000	gc2262-0.39361	#fdb96a
OX030908.1	58800000	58900000	gc2263-0.38693	#fdb365
OX030908.1	58900000	59000000	gc2264-0.40509	#fdc372
OX030908.1	59000000	59100000	gc2265-0.38803	#fdb567
OX030908.1	59100000	59200000	gc2266-0.38042	#fdad60
OX030908.1	59200000	59300000	gc2267-0.38385	#fdb163
OX030908.1	59300000	59400000	gc2268-0.39749	#fdbd6d
OX030908.1	59400000	59500000	gc2269-0.39584	#fdbb6c
OX030908.1	59500000	59600000	gc2270-0.39346	#fdb96a
OX030908.1	59600000	59700000	gc2271-0.40667	#fdc574
OX030908.1	59700000	59800000	gc2272-0.39634	#fdbb6c
OX030908.1	59800000	59900000	gc2273-0.364	#fa9b58
OX030908.1	59900000	60000000	gc2274-0.41195	#fec877
OX030908.1	60000000	60100000	gc2275-0.41728	#fecc7b
OX030908.1	60100000	60200000	gc2276-0.41144	#fec877
OX030908.1	60200000	60300000	gc2277-0.42339	#fed27f
OX030908.1	60300000	60400000	gc2278-0.44303	#fee18d
OX030908.1	60400000	60500000	gc2279-0.41308	#fec877
OX030908.1	60500000	60600000	gc2280-0.41721	#fecc7b
OX030908.1	60600000	60700000	gc2281-0.41335	#feca79
OX030908.1	60700000	60800000	gc2282-0.42479	#fed27f
OX030908.1	60800000	60900000	gc2283-0.40156	#fdbf6f
OX030908.1	60900000	61000000	gc2284-0.42025	#fece7c
OX030908.1	61000000	61100000	gc2285-0.42973	#fed884
OX030908.1	61100000	61200000	gc2286-0.41023	#fdc776
OX030908.1	61200000	61300000	gc2287-0.42018	#fece7c
OX030908.1	61300000	61400000	gc2288-0.42577	#fed481
OX030908.1	61400000	61500000	gc2289-0.40787575150300603	#fdc574
OX030908.1	61500000	61600000	gc2290-0.42274	#fed27f
OX030908.1	61600000	61700000	gc2291-0.41346	#feca79
OX030908.1	61700000	61800000	gc2292-0.41197	#fec877
OX030908.1	61800000	61900000	gc2293-0.41773	#fecc7b
OX030908.1	61900000	62000000	gc2294-0.40265	#fdc171
OX030908.1	62000000	62100000	gc2295-0.42592	#fed481
OX030908.1	62100000	62200000	gc2296-0.39701	#fdbd6d
OX030908.1	62200000	62300000	gc2297-0.42907	#fed683
OX030908.1	62300000	62400000	gc2298-0.43385	#feda86
OX030908.1	62400000	62500000	gc2299-0.42267	#fed27f
OX030908.1	62500000	62600000	gc2300-0.43286	#feda86
OX030908.1	62600000	62700000	gc2301-0.40196	#fdc171
OX030908.1	62700000	62800000	gc2302-0.3716	#fca55d
OX030908.1	62800000	62900000	gc2303-0.39694	#fdbd6d
OX030908.1	62900000	63000000	gc2304-0.42991	#fed884
OX030908.1	63000000	63100000	gc2305-0.38228	#fdaf62
OX030908.1	63100000	63200000	gc2306-0.39346	#fdb96a
OX030908.1	63200000	63300000	gc2307-0.40642	#fdc574
OX030908.1	63300000	63400000	gc2308-0.39395	#fdb96a
OX030908.1	63400000	63500000	gc2309-0.39649	#fdbb6c
OX030908.1	63500000	63600000	gc2310-0.41877	#fece7c
OX030908.1	63600000	63700000	gc2311-0.4079	#fdc574
OX030908.1	63700000	63800000	gc2312-0.38934	#fdb567
OX030908.1	63800000	63900000	gc2313-0.40797	#fdc574
OX030908.1	63900000	64000000	gc2314-0.38995	#fdb768
OX030908.1	64000000	64100000	gc2315-0.39873366834170854	#fdbd6d
OX030908.1	64100000	64200000	gc2316-0.41153	#fec877
OX030908.1	64200000	64300000	gc2317-0.44063	#fee08b
OX030908.1	64300000	64400000	gc2318-0.42463	#fed27f
OX030908.1	64400000	64500000	gc2319-0.40345	#fdc171
OX030908.1	64500000	64600000	gc2320-0.41146	#fec877
OX030908.1	64600000	64700000	gc2321-0.39685	#fdbb6c
OX030908.1	64700000	64800000	gc2322-0.40806	#fdc574
OX030908.1	64800000	64900000	gc2323-0.41542	#feca79
OX030908.1	64900000	65000000	gc2324-0.41942	#fece7c
OX030908.1	65000000	65100000	gc2325-0.42699	#fed481
OX030908.1	65100000	65200000	gc2326-0.41182	#fec877
OX030908.1	65200000	65300000	gc2327-0.4202	#fece7c
OX030908.1	65300000	65400000	gc2328-0.46497	#feeda1
OX030908.1	65400000	65500000	gc2329-0.48498995983935744	#fff7b2
OX030908.1	65500000	65600000	gc2330-0.46704	#feeda1
OX030908.1	65600000	65700000	gc2331-0.46455	#feec9f
OX030908.1	65700000	65800000	gc2332-0.4696	#fff0a6
OX030908.1	65800000	65900000	gc2333-0.40783	#fdc574
OX030908.1	65900000	66000000	gc2334-0.42158	#fed07e
OX030908.1	66000000	66100000	gc2335-0.40112	#fdbf6f
OX030908.1	66100000	66200000	gc2336-0.45446	#fee797
OX030908.1	66200000	66300000	gc2337-0.40762	#fdc574
OX030908.1	66300000	66400000	gc2338-0.41794	#fecc7b
OX030908.1	66400000	66500000	gc2339-0.42123	#fed07e
OX030908.1	66500000	66600000	gc2340-0.44258	#fee18d
OX030908.1	66600000	66700000	gc2341-0.4014	#fdbf6f
OX030908.1	66700000	66800000	gc2342-0.41472	#feca79
OX030908.1	66800000	66900000	gc2343-0.43075	#fed884
OX030908.1	66900000	67000000	gc2344-0.443	#fee18d
OX030908.1	67000000	67100000	gc2345-0.3963	#fdbb6c
OX030908.1	67100000	67200000	gc2346-0.44636	#fee491
OX030908.1	67200000	67300000	gc2347-0.43508	#fedc88
OX030908.1	67300000	67400000	gc2348-0.40109	#fdbf6f
OX030908.1	67400000	67500000	gc2349-0.42013	#fece7c
OX030908.1	67500000	67600000	gc2350-0.41355	#feca79
OX030908.1	67600000	67700000	gc2351-0.40434	#fdc372
OX030908.1	67700000	67800000	gc2352-0.39787	#fdbd6d
OX030908.1	67800000	67900000	gc2353-0.42849	#fed683
OX030908.1	67900000	68000000	gc2354-0.42777	#fed683
OX030908.1	68000000	68100000	gc2355-0.43479	#fedc88
OX030908.1	68100000	68200000	gc2356-0.42523	#fed481
OX030908.1	68200000	68300000	gc2357-0.43349	#feda86
OX030908.1	68300000	68400000	gc2358-0.46145	#feeb9d
OX030908.1	68400000	68500000	gc2359-0.43933	#fee08b
OX030908.1	68500000	68600000	gc2360-0.44733	#fee491
OX030908.1	68600000	68700000	gc2361-0.4476	#fee491
OX030908.1	68700000	68800000	gc2362-0.41979	#fece7c
OX030908.1	68800000	68900000	gc2363-0.42607	#fed481
OX030908.1	68900000	69000000	gc2364-0.4252	#fed481
OX030908.1	69000000	69100000	gc2365-0.41806	#fece7c
OX030908.1	69100000	69200000	gc2366-0.41455	#feca79
OX030908.1	69200000	69300000	gc2367-0.43505	#fedc88
OX030908.1	69300000	69400000	gc2368-0.44801	#fee491
OX030908.1	69400000	69500000	gc2369-0.43249	#feda86
OX030908.1	69500000	69600000	gc2370-0.42213	#fed07e
OX030908.1	69600000	69700000	gc2371-0.4286	#fed683
OX030908.1	69700000	69800000	gc2372-0.43734	#fede89
OX030908.1	69800000	69900000	gc2373-0.42861	#fed683
OX030908.1	69900000	70000000	gc2374-0.41959	#fece7c
OX030908.1	70000000	70100000	gc2375-0.43453	#fedc88
OX030908.1	70100000	70200000	gc2376-0.42958	#fed683
OX030908.1	70200000	70300000	gc2377-0.43888	#fede89
OX030908.1	70300000	70400000	gc2378-0.4562	#fee999
OX030908.1	70400000	70500000	gc2379-0.43098	#fed884
OX030908.1	70500000	70600000	gc2380-0.44327	#fee18d
OX030908.1	70600000	70700000	gc2381-0.43747	#fede89
OX030908.1	70700000	70800000	gc2382-0.43272	#feda86
OX030908.1	70800000	70900000	gc2383-0.43569	#fedc88
OX030908.1	70900000	71000000	gc2384-0.40732	#fdc574
OX030908.1	71000000	71100000	gc2385-0.41061	#fdc776
OX030908.1	71100000	71200000	gc2386-0.42158	#fed07e
OX030908.1	71200000	71300000	gc2387-0.43389	#feda86
OX030908.1	71300000	71400000	gc2388-0.45112	#fee695
OX030908.1	71400000	71500000	gc2389-0.42632	#fed481
OX030908.1	71500000	71600000	gc2390-0.42015	#fece7c
OX030908.1	71600000	71700000	gc2391-0.4357	#fedc88
OX030908.1	71700000	71800000	gc2392-0.43775	#fede89
OX030908.1	71800000	71900000	gc2393-0.41891	#fece7c
OX030908.1	71900000	72000000	gc2394-0.41842	#fece7c
OX030908.1	72000000	72100000	gc2395-0.43457	#fedc88
OX030908.1	72100000	72200000	gc2396-0.42271	#fed27f
OX030908.1	72200000	72300000	gc2397-0.42079	#fed07e
OX030908.1	72300000	72400000	gc2398-0.46493	#feeda1
OX030908.1	72400000	72500000	gc2399-0.44773	#fee491
OX030908.1	72500000	72600000	gc2400-0.44847	#fee593
OX030908.1	72600000	72700000	gc2401-0.45756	#fee999
OX030908.1	72700000	72800000	gc2402-0.4425	#fee18d
OX030908.1	72800000	72900000	gc2403-0.43811	#fede89
OX030908.1	72900000	73000000	gc2404-0.45329	#fee797
OX030908.1	73000000	73100000	gc2405-0.48266	#fff6b0
OX030908.1	73100000	73200000	gc2406-0.48326	#fff6b0
OX030908.1	73200000	73300000	gc2407-0.4701	#fff0a6
OX030908.1	73300000	73400000	gc2408-0.42702	#fed481
OX030908.1	73400000	73500000	gc2409-0.44359	#fee18d
OX030908.1	73500000	73600000	gc2410-0.4731	#fff1a8
OX030908.1	73600000	73700000	gc2411-0.44795	#fee491
OX030908.1	73700000	73800000	gc2412-0.45654	#fee999
OX030908.1	73800000	73900000	gc2413-0.44158	#fee18d
OX030908.1	73900000	74000000	gc2414-0.466	#feeda1
OX030908.1	74000000	74100000	gc2415-0.47128	#fff0a6
OX030908.1	74100000	74200000	gc2416-0.44783	#fee491
OX030908.1	74200000	74300000	gc2417-0.44383	#fee28f
OX030908.1	74300000	74400000	gc2418-0.44521	#fee28f
OX030908.1	74400000	74500000	gc2419-0.44832	#fee491
OX030908.1	74500000	74600000	gc2420-0.46494	#feeda1
OX030908.1	74600000	74700000	gc2421-0.47598	#fff2aa
OX030908.1	74700000	74800000	gc2422-0.43731	#fede89
OX030908.1	74800000	74900000	gc2423-0.45101	#fee695
OX030908.1	74900000	75000000	gc2424-0.4581	#feea9b
OX030908.1	75000000	75100000	gc2425-0.47258	#fff1a8
OX030908.1	75100000	75200000	gc2426-0.44664	#fee491
OX030908.1	75200000	75300000	gc2427-0.44777	#fee491
OX030908.1	75300000	75400000	gc2428-0.44874	#fee593
OX030908.1	75400000	75500000	gc2429-0.48708	#fff8b4
OX030908.1	75500000	75600000	gc2430-0.44083	#fee08b
OX030908.1	75600000	75700000	gc2431-0.45696	#fee999
OX030908.1	75700000	75800000	gc2432-0.48939	#fffab6
OX030908.1	75800000	75900000	gc2433-0.45121	#fee695
OX030908.1	75900000	76000000	gc2434-0.48385	#fff7b2
OX030908.1	76000000	76100000	gc2435-0.46497	#feeda1
OX030908.1	76100000	76200000	gc2436-0.45071	#fee593
OX030908.1	76200000	76300000	gc2437-0.45006	#fee593
OX030908.1	76300000	76400000	gc2438-0.44766	#fee491
OX030908.1	76400000	76500000	gc2439-0.43467	#fedc88
OX030908.1	76500000	76600000	gc2440-0.47648	#fff2aa
OX030908.1	76600000	76700000	gc2441-0.45429	#fee797
OX030908.1	76700000	76800000	gc2442-0.45208	#fee695
OX030908.1	76800000	76900000	gc2443-0.43633	#fedc88
OX030908.1	76900000	77000000	gc2444-0.4694	#feefa3
OX030908.1	77000000	77100000	gc2445-0.45815	#feea9b
OX030908.1	77100000	77200000	gc2446-0.47866	#fff3ac
OX030908.1	77200000	77300000	gc2447-0.42855	#fed683
OX030908.1	77300000	77400000	gc2448-0.44941	#fee593
OX030908.1	77400000	77500000	gc2449-0.45439	#fee797
OX030908.1	77500000	77600000	gc2450-0.45857	#feea9b
OX030908.1	77600000	77700000	gc2451-0.45448	#fee797
OX030908.1	77700000	77800000	gc2452-0.45137	#fee695
OX030908.1	77800000	77900000	gc2453-0.46828	#feefa3
OX030908.1	77900000	78000000	gc2454-0.42543	#fed481
OX030908.1	78000000	78100000	gc2455-0.43592	#fedc88
OX030908.1	78100000	78200000	gc2456-0.44908	#fee593
OX030908.1	78200000	78300000	gc2457-0.45084	#fee695
OX030908.1	78300000	78400000	gc2458-0.43585	#fedc88
OX030908.1	78400000	78500000	gc2459-0.41984	#fece7c
OX030908.1	78500000	78600000	gc2460-0.43085	#fed884
OX030908.1	78600000	78700000	gc2461-0.41662	#fecc7b
OX030908.1	78700000	78800000	gc2462-0.42781	#fed683
OX030908.1	78800000	78900000	gc2463-0.46085	#feeb9d
OX030908.1	78900000	79000000	gc2464-0.43693	#fede89
OX030908.1	79000000	79100000	gc2465-0.46346	#feec9f
OX030908.1	79100000	79200000	gc2466-0.45113	#fee695
OX030908.1	79200000	79300000	gc2467-0.4153	#feca79
OX030908.1	79300000	79400000	gc2468-0.45014	#fee593
OX030908.1	79400000	79500000	gc2469-0.43871	#fede89
OX030908.1	79500000	79600000	gc2470-0.41252	#fec877
OX030908.1	79600000	79700000	gc2471-0.43915	#fee08b
OX030908.1	79700000	79800000	gc2472-0.44055	#fee08b
OX030908.1	79800000	79900000	gc2473-0.42022	#fece7c
OX030908.1	79900000	80000000	gc2474-0.4088	#fdc776
OX030908.1	80000000	80100000	gc2475-0.41848	#fece7c
OX030908.1	80100000	80200000	gc2476-0.40878	#fdc776
OX030908.1	80200000	80300000	gc2477-0.44093	#fee08b
OX030908.1	80300000	80400000	gc2478-0.43474	#fedc88
OX030908.1	80400000	80500000	gc2479-0.43091	#fed884
OX030908.1	80500000	80600000	gc2480-0.44872	#fee593
OX030908.1	80600000	80700000	gc2481-0.45036	#fee593
OX030908.1	80700000	80800000	gc2482-0.44233	#fee18d
OX030908.1	80800000	80900000	gc2483-0.42703	#fed481
OX030908.1	80900000	81000000	gc2484-0.43417	#feda86
OX030908.1	81000000	81100000	gc2485-0.41965	#fece7c
OX030908.1	81100000	81200000	gc2486-0.44125	#fee08b
OX030908.1	81200000	81300000	gc2487-0.47423	#fff2aa
OX030908.1	81300000	81400000	gc2488-0.43659	#fedc88
OX030908.1	81400000	81500000	gc2489-0.4635577889447236	#feec9f
OX030908.1	81500000	81600000	gc2490-0.43603	#fedc88
OX030908.1	81600000	81700000	gc2491-0.43384	#feda86
OX030908.1	81700000	81800000	gc2492-0.44766	#fee491
OX030908.1	81800000	81900000	gc2493-0.44613	#fee491
OX030908.1	81900000	82000000	gc2494-0.45618	#fee999
OX030908.1	82000000	82100000	gc2495-0.44511	#fee28f
OX030908.1	82100000	82200000	gc2496-0.43504	#fedc88
OX030908.1	82200000	82300000	gc2497-0.47966	#fff5ae
OX030908.1	82300000	82400000	gc2498-0.42395	#fed27f
OX030908.1	82400000	82500000	gc2499-0.45558	#fee999
OX030908.1	82500000	82600000	gc2500-0.45505	#fee797
OX030908.1	82600000	82700000	gc2501-0.41959	#fece7c
OX030908.1	82700000	82800000	gc2502-0.41779	#fecc7b
OX030908.1	82800000	82900000	gc2503-0.43609	#fedc88
OX030908.1	82900000	83000000	gc2504-0.44829	#fee491
OX030908.1	83000000	83100000	gc2505-0.43774	#fede89
OX030908.1	83100000	83200000	gc2506-0.4181	#fece7c
OX030908.1	83200000	83300000	gc2507-0.43033	#fed884
OX030908.1	83300000	83400000	gc2508-0.42825	#fed683
OX030908.1	83400000	83500000	gc2509-0.43554	#fedc88
OX030908.1	83500000	83600000	gc2510-0.43063	#fed884
OX030908.1	83600000	83700000	gc2511-0.4237	#fed27f
OX030908.1	83700000	83800000	gc2512-0.4304	#fed884
OX030908.1	83800000	83900000	gc2513-0.45021	#fee593
OX030908.1	83900000	84000000	gc2514-0.42884	#fed683
OX030908.1	84000000	84100000	gc2515-0.44809	#fee491
OX030908.1	84100000	84200000	gc2516-0.42605	#fed481
OX030908.1	84200000	84300000	gc2517-0.41281	#fec877
OX030908.1	84300000	84400000	gc2518-0.45578	#fee999
OX030908.1	84400000	84500000	gc2519-0.42164	#fed07e
OX030908.1	84500000	84600000	gc2520-0.47047	#fff0a6
OX030908.1	84600000	84700000	gc2521-0.44751	#fee491
OX030908.1	84700000	84800000	gc2522-0.42553	#fed481
OX030908.1	84800000	84900000	gc2523-0.45164	#fee695
OX030908.1	84900000	85000000	gc2524-0.45899	#feea9b
OX030908.1	85000000	85100000	gc2525-0.4457	#fee28f
OX030908.1	85100000	85200000	gc2526-0.42731	#fed481
OX030908.1	85200000	85300000	gc2527-0.43138276553106214	#fed884
OX030908.1	85300000	85400000	gc2528-0.44936	#fee593
OX030908.1	85400000	85500000	gc2529-0.42149	#fed07e
OX030908.1	85500000	85600000	gc2530-0.43085	#fed884
OX030908.1	85600000	85700000	gc2531-0.42725	#fed481
OX030908.1	85700000	85800000	gc2532-0.418	#fece7c
OX030908.1	85800000	85900000	gc2533-0.453937875751503	#fee797
OX030908.1	85900000	86000000	gc2534-0.42488	#fed27f
OX030908.1	86000000	86100000	gc2535-0.42052	#fed07e
OX030908.1	86100000	86200000	gc2536-0.41721	#fecc7b
OX030908.1	86200000	86300000	gc2537-0.41941	#fece7c
OX030908.1	86300000	86400000	gc2538-0.43306	#feda86
OX030908.1	86400000	86500000	gc2539-0.41899	#fece7c
OX030908.1	86500000	86600000	gc2540-0.40269	#fdc171
OX030908.1	86600000	86700000	gc2541-0.41097	#fec877
OX030908.1	86700000	86800000	gc2542-0.42066	#fed07e
OX030908.1	86800000	86900000	gc2543-0.43445	#fedc88
OX030908.1	86900000	87000000	gc2544-0.44885	#fee593
OX030908.1	87000000	87100000	gc2545-0.4169	#fecc7b
OX030908.1	87100000	87200000	gc2546-0.45349	#fee797
OX030908.1	87200000	87300000	gc2547-0.44452	#fee28f
OX030908.1	87300000	87400000	gc2548-0.43132	#fed884
OX030908.1	87400000	87500000	gc2549-0.44627	#fee491
OX030908.1	87500000	87600000	gc2550-0.43703	#fede89
OX030908.1	87600000	87700000	gc2551-0.43801	#fede89
OX030908.1	87700000	87800000	gc2552-0.45235	#fee695
OX030908.1	87800000	87900000	gc2553-0.45998	#feea9b
OX030908.1	87900000	88000000	gc2554-0.44688	#fee491
OX030908.1	88000000	88100000	gc2555-0.43861	#fede89
OX030908.1	88100000	88200000	gc2556-0.44494	#fee28f
OX030908.1	88200000	88300000	gc2557-0.43123	#fed884
OX030908.1	88300000	88400000	gc2558-0.42642	#fed481
OX030908.1	88400000	88500000	gc2559-0.4398	#fee08b
OX030908.1	88500000	88600000	gc2560-0.4094	#fdc776
OX030908.1	88600000	88700000	gc2561-0.46591	#feeda1
OX030908.1	88700000	88800000	gc2562-0.46783	#feefa3
OX030908.1	88800000	88900000	gc2563-0.44	#fee08b
OX030908.1	88900000	89000000	gc2564-0.44448	#fee28f
OX030908.1	89000000	89100000	gc2565-0.448	#fee491
OX030908.1	89100000	89200000	gc2566-0.42805	#fed683
OX030908.1	89200000	89300000	gc2567-0.44081	#fee08b
OX030908.1	89300000	89400000	gc2568-0.43775	#fede89
OX030908.1	89400000	89500000	gc2569-0.42593	#fed481
OX030908.1	89500000	89600000	gc2570-0.41794	#fecc7b
OX030908.1	89600000	89700000	gc2571-0.42101	#fed07e
OX030908.1	89700000	89800000	gc2572-0.43537	#fedc88
OX030908.1	89800000	89900000	gc2573-0.46149	#feeb9d
OX030908.1	89900000	90000000	gc2574-0.46086	#feeb9d
OX030908.1	90000000	90100000	gc2575-0.47225	#fff1a8
OX030908.1	90100000	90200000	gc2576-0.4518994974874372	#fee695
OX030908.1	90200000	90300000	gc2577-0.46184	#feeb9d
OX030908.1	90300000	90400000	gc2578-0.47035	#fff0a6
OX030908.1	90400000	90500000	gc2579-0.45059	#fee593
OX030908.1	90500000	90600000	gc2580-0.43757	#fede89
OX030908.1	90600000	90700000	gc2581-0.48128	#fff6b0
OX030908.1	90700000	90800000	gc2582-0.42835	#fed683
OX030908.1	90800000	90900000	gc2583-0.41558	#feca79
OX030908.1	90900000	91000000	gc2584-0.44352	#fee18d
OX030908.1	91000000	91100000	gc2585-0.43279	#feda86
OX030908.1	91100000	91200000	gc2586-0.4398	#fee08b
OX030908.1	91200000	91300000	gc2587-0.48962	#fffab6
OX030908.1	91300000	91400000	gc2588-0.45451	#fee797
OX030908.1	91400000	91500000	gc2589-0.44967	#fee593
OX030908.1	91500000	91600000	gc2590-0.45169	#fee695
OX030908.1	91600000	91700000	gc2591-0.43086	#fed884
OX030908.1	91700000	91800000	gc2592-0.44065	#fee08b
OX030908.1	91800000	91900000	gc2593-0.45707	#fee999
OX030908.1	91900000	92000000	gc2594-0.49813	#fffebe
OX030908.1	92000000	92100000	gc2595-0.45926	#feea9b
OX030908.1	92100000	92200000	gc2596-0.46171	#feeb9d
OX030908.1	92200000	92300000	gc2597-0.43316	#feda86
OX030908.1	92300000	92400000	gc2598-0.45253	#fee695
OX030908.1	92400000	92500000	gc2599-0.4294	#fed683
OX030908.1	92500000	92600000	gc2600-0.45445	#fee797
OX030908.1	92600000	92700000	gc2601-0.45005	#fee593
OX030908.1	92700000	92800000	gc2602-0.46186	#feeb9d
OX030908.1	92800000	92900000	gc2603-0.45324	#fee797
OX030908.1	92900000	93000000	gc2604-0.45214	#fee695
OX030908.1	93000000	93100000	gc2605-0.4861	#fff8b4
OX030908.1	93100000	93200000	gc2606-0.45799	#feea9b
OX030908.1	93200000	93300000	gc2607-0.41823	#fece7c
OX030908.1	93300000	93400000	gc2608-0.45255	#fee695
OX030908.1	93400000	93500000	gc2609-0.47262	#fff1a8
OX030908.1	93500000	93600000	gc2610-0.45488	#fee797
OX030908.1	93600000	93700000	gc2611-0.42981	#fed884
OX030908.1	93700000	93800000	gc2612-0.44	#fee08b
OX030908.1	93800000	93900000	gc2613-0.46609	#feeda1
OX030908.1	93900000	94000000	gc2614-0.45617	#fee999
OX030908.1	94000000	94100000	gc2615-0.49131	#fffbb8
OX030908.1	94100000	94200000	gc2616-0.47977	#fff5ae
OX030908.1	94200000	94300000	gc2617-0.46411	#feec9f
OX030908.1	94300000	94400000	gc2618-0.44782	#fee491
OX030908.1	94400000	94500000	gc2619-0.46114	#feeb9d
OX030908.1	94500000	94600000	gc2620-0.46421	#feec9f
OX030908.1	94600000	94700000	gc2621-0.46465	#feec9f
OX030908.1	94700000	94800000	gc2622-0.48811	#fff8b4
OX030908.1	94800000	94900000	gc2623-0.4792	#fff5ae
OX030908.1	94900000	95000000	gc2624-0.46834	#feefa3
OX030908.1	95000000	95100000	gc2625-0.45813	#feea9b
OX030908.1	95100000	95200000	gc2626-0.45255	#fee695
OX030908.1	95200000	95300000	gc2627-0.4916	#fffbb8
OX030908.1	95300000	95400000	gc2628-0.47931	#fff5ae
OX030908.1	95400000	95500000	gc2629-0.46448	#feec9f
OX030908.1	95500000	95600000	gc2630-0.46937	#feefa3
OX030908.1	95600000	95700000	gc2631-0.45071	#fee593
OX030908.1	95700000	95800000	gc2632-0.45984	#feea9b
OX030908.1	95800000	95900000	gc2633-0.46792	#feefa3
OX030908.1	95900000	96000000	gc2634-0.47416	#fff1a8
OX030908.1	96000000	96100000	gc2635-0.46771	#feefa3
OX030908.1	96100000	96200000	gc2636-0.47285	#fff1a8
OX030908.1	96200000	96300000	gc2637-0.47934	#fff5ae
OX030908.1	96300000	96400000	gc2638-0.49552	#fffdbc
OX030908.1	96400000	96500000	gc2639-0.49446	#fffcba
OX030908.1	96500000	96600000	gc2640-0.48941	#fffab6
OX030908.1	96600000	96700000	gc2641-0.47451	#fff2aa
OX030908.1	96700000	96800000	gc2642-0.48543	#fff7b2
OX030908.1	96800000	96900000	gc2643-0.48394	#fff7b2
OX030908.1	96900000	97000000	gc2644-0.47029	#fff0a6
OX030908.1	97000000	97100000	gc2645-0.50056	#ffffbe
OX030908.1	97100000	97200000	gc2646-0.4734	#fff1a8
OX030908.1	97200000	97300000	gc2647-0.47399	#fff1a8
OX030908.1	97300000	97400000	gc2648-0.47049	#fff0a6
OX030908.1	97400000	97500000	gc2649-0.46969	#fff0a6
OX030908.1	97500000	97600000	gc2650-0.47961	#fff5ae
OX030908.1	97600000	97700000	gc2651-0.47404	#fff1a8
OX030908.1	97700000	97800000	gc2652-0.46726	#feefa3
OX030908.1	97800000	97900000	gc2653-0.46408	#feec9f
OX030908.1	97900000	98000000	gc2654-0.49599	#fffdbc
OX030908.1	98000000	98100000	gc2655-0.48053	#fff5ae
OX030908.1	98100000	98200000	gc2656-0.46986	#fff0a6
OX030908.1	98200000	98300000	gc2657-0.45131	#fee695
OX030908.1	98300000	98400000	gc2658-0.49391	#fffcba
OX030908.1	98400000	98500000	gc2659-0.45778	#fee999
OX030908.1	98500000	98600000	gc2660-0.46646	#feeda1
OX030908.1	98600000	98700000	gc2661-0.46823	#feefa3
OX030908.1	98700000	98800000	gc2662-0.47807	#fff3ac
OX030908.1	98800000	98900000	gc2663-0.47819	#fff3ac
OX030908.1	98900000	99000000	gc2664-0.41691	#fecc7b
OX030908.1	99000000	99100000	gc2665-0.37427	#fca85e
OX030908.1	99100000	99149756	gc2666-0.3977007798054506	#fdbd6d
CALSDY020000162.1	0	100000	gc2667-0.37139	#fca55d
CALSDY020000162.1	100000	200000	gc2668-0.3710251256281407	#fba35c
CALSDY020000162.1	200000	300000	gc2669-0.37631	#fcaa5f
CALSDY020000162.1	300000	400000	gc2670-0.39081	#fdb768
CALSDY020000162.1	400000	500000	gc2671-0.46133	#feeb9d
CALSDY020000162.1	500000	600000	gc2672-0.43019	#fed884
CALSDY020000162.1	600000	700000	gc2673-0.3570653266331658	#fa9656
CALSDY020000162.1	700000	800000	gc2674-0.42724	#fed481
CALSDY020000162.1	800000	900000	gc2675-0.46807	#feefa3
CALSDY020000162.1	900000	1000000	gc2676-0.4628	#feec9f
CALSDY020000162.1	1000000	1100000	gc2677-0.46799	#feefa3
CALSDY020000162.1	1100000	1200000	gc2678-0.35576	#f99355
CALSDY020000162.1	1200000	1300000	gc2679-0.35349	#f99153
CALSDY020000162.1	1300000	1400000	gc2680-0.36942	#fba35c
CALSDY020000162.1	1400000	1500000	gc2681-0.46857	#feefa3
CALSDY020000162.1	1500000	1600000	gc2682-0.46823	#feefa3
CALSDY020000162.1	1600000	1700000	gc2683-0.46457	#feec9f
CALSDY020000162.1	1700000	1800000	gc2684-0.43548	#fedc88
CALSDY020000162.1	1800000	1857981	gc2685-0.40956520239388766	#fdc776
CALSDY020000163.1	0	100000	gc2686-0.37253	#fca55d
CALSDY020000163.1	100000	200000	gc2687-0.3709	#fba35c
CALSDY020000163.1	200000	300000	gc2688-0.3701	#fba35c
CALSDY020000163.1	300000	400000	gc2689-0.3694070351758794	#fba35c
CALSDY020000163.1	400000	500000	gc2690-0.36564	#fb9d59
CALSDY020000163.1	500000	600000	gc2691-0.35784	#fa9656
CALSDY020000163.1	600000	700000	gc2692-0.35985	#fa9857
CALSDY020000163.1	700000	800000	gc2693-0.36363	#fa9b58
CALSDY020000163.1	800000	900000	gc2694-0.39429	#fdb96a
CALSDY020000163.1	900000	1000000	gc2695-0.38084	#fdaf62
CALSDY020000163.1	1000000	1006555	gc2696-0.36323417238749045	#fa9b58
CALSDY020000164.1	0	100000	gc2697-0.36117	#fa9857
CALSDY020000164.1	100000	200000	gc2698-0.35704522613065326	#fa9656
CALSDY020000164.1	200000	300000	gc2699-0.36123	#fa9857
CALSDY020000164.1	300000	400000	gc2700-0.35289	#f99153
CALSDY020000164.1	400000	500000	gc2701-0.35871	#fa9656
CALSDY020000164.1	500000	600000	gc2702-0.35915	#fa9656
CALSDY020000164.1	600000	621916	gc2703-0.3592352619091075	#fa9656
CALSDY020000165.1	0	100000	gc2704-0.36791	#fba05b
CALSDY020000165.1	100000	200000	gc2705-0.3678	#fba05b
CALSDY020000165.1	200000	300000	gc2706-0.369356783919598	#fba35c
CALSDY020000165.1	300000	400000	gc2707-0.37502	#fca85e
CALSDY020000165.1	400000	500000	gc2708-0.37929	#fdad60
CALSDY020000165.1	500000	512852	gc2709-0.38196389666977903	#fdaf62
CALSDY020000166.1	0	100000	gc2710-0.3779899497487437	#fcaa5f
CALSDY020000166.1	100000	200000	gc2711-0.37151	#fca55d
CALSDY020000166.1	200000	300000	gc2712-0.37656	#fcaa5f
CALSDY020000166.1	300000	400000	gc2713-0.38552	#fdb365
CALSDY020000166.1	400000	437732	gc2714-0.37034877557510865	#fba35c
CALSDY020000167.1	0	100000	gc2715-0.38527	#fdb365
CALSDY020000167.1	100000	200000	gc2716-0.3909	#fdb768
CALSDY020000167.1	200000	300000	gc2717-0.38144	#fdaf62
CALSDY020000167.1	300000	400000	gc2718-0.35491	#f99355
CALSDY020000167.1	400000	436019	gc2719-0.35367444959604655	#f99153
CALSDY020000168.1	0	100000	gc2720-0.36468	#fb9d59
CALSDY020000168.1	100000	200000	gc2721-0.36796	#fba05b
CALSDY020000168.1	200000	300000	gc2722-0.37367	#fca85e
CALSDY020000168.1	300000	355906	gc2723-0.3657568060673273	#fb9d59
CALSDY020000169.1	0	100000	gc2724-0.36749	#fba05b
CALSDY020000169.1	100000	200000	gc2725-0.36093	#fa9857
CALSDY020000169.1	200000	300000	gc2726-0.37807	#fcaa5f
CALSDY020000169.1	300000	305253	gc2727-0.3559870550161812	#f99355
CALSDY020000170.1	0	100000	gc2728-0.357	#f99355
CALSDY020000170.1	100000	200000	gc2729-0.36777	#fba05b
CALSDY020000170.1	200000	281477	gc2730-0.3661401377075739	#fb9d59
CALSDY020000171.1	0	100000	gc2731-0.37137	#fca55d
CALSDY020000171.1	100000	200000	gc2732-0.37875	#fdad60
CALSDY020000171.1	200000	279862	gc2733-0.36898650171545916	#fba35c
CALSDY020000172.1	0	100000	gc2734-0.38529	#fdb365
CALSDY020000172.1	100000	200000	gc2735-0.39292	#fdb96a
CALSDY020000172.1	200000	249585	gc2736-0.37600080669557323	#fcaa5f
CALSDY020000173.1	0	100000	gc2737-0.37602	#fcaa5f
CALSDY020000173.1	100000	159622	gc2738-0.3756331555466103	#fca85e
CALSDY020000174.1	0	96888	gc2739-0.37768351085789775	#fcaa5f
CALSDY020000175.1	0	82596	gc2740-0.36731802992881013	#fba05b
CALSDY020000176.1	0	77563	gc2741-0.37483078271856424	#fca85e
CALSDY020000177.1	0	72556	gc2742-0.3717955785875737	#fca55d
CALSDY020000178.1	0	56321	gc2743-0.3952522149819783	#fdbb6c
CALSDY020000179.1	0	42674	gc2744-0.35745418756151287	#fa9656
CALSDY020000180.1	0	38707	gc2745-0.371844885937944	#fca55d
CALSDY020000181.1	0	30034	gc2746-0.3802024372377972	#fdad60
CALSDY020000182.1	0	28223	gc2747-0.363391560075116	#fa9b58
CALSDY020000183.1	0	27025	gc2748-0.3799444958371878	#fdad60
CALSDY020000184.1	0	23854	gc2749-0.3665213381403538	#fba05b
CALSDY020000185.1	0	100000	gc2750-0.41681	#fecc7b
CALSDY020000185.1	100000	144626	gc2751-0.4241025411195267	#fed27f
CALSDY020000186.1	0	100000	gc2752-0.4359	#fedc88
CALSDY020000186.1	100000	133795	gc2753-0.47270306258322237	#fff1a8
CALSDY020000187.1	0	100000	gc2754-0.39832	#fdbd6d
CALSDY020000187.1	100000	127879	gc2755-0.38261774095197104	#fdaf62
OX030910.2	0	15363	gc2756-0.22417496582698693	#b41947
